date,cases,deaths,stringencyIndex,icu,week,cases_7d_avg,deaths_7d_avg,icu_7d_avg
2020-01-22,,,,,2020-01-20,,,
2020-01-23,,,,,2020-01-20,,,
2020-01-24,,,,,2020-01-20,,,
2020-01-25,,,,,2020-01-20,,,
2020-01-26,,,,,2020-01-20,,,
2020-01-27,,,,,2020-01-27,,,
2020-01-28,,,,,2020-01-27,,,
2020-01-29,,,,,2020-01-27,,,
2020-01-30,,,,,2020-01-27,,,
2020-01-31,,,,,2020-01-27,,,
2020-02-01,,,,,2020-01-27,,,
2020-02-02,,,,,2020-01-27,,,
2020-02-03,,,,,2020-02-03,,,
2020-02-04,,,,,2020-02-03,,,
2020-02-05,,,,,2020-02-03,,,
2020-02-06,,,,,2020-02-03,,,
2020-02-07,,,,,2020-02-03,,,
2020-02-08,,,,,2020-02-03,,,
2020-02-09,,,,,2020-02-03,,,
2020-02-10,,,,,2020-02-10,,,
2020-02-11,,,,,2020-02-10,,,
2020-02-12,,,,,2020-02-10,,,
2020-02-13,,,,,2020-02-10,,,
2020-02-14,,,,,2020-02-10,,,
2020-02-15,,,,,2020-02-10,,,
2020-02-16,,,,,2020-02-10,,,
2020-02-17,,,,,2020-02-17,,,
2020-02-18,,,,,2020-02-17,,,
2020-02-19,,,,,2020-02-17,,,
2020-02-20,,,,,2020-02-17,,,
2020-02-21,,,,,2020-02-17,,,
2020-02-22,,,,,2020-02-17,,,
2020-02-23,,,,,2020-02-17,,,
2020-02-24,,,,,2020-02-24,,,
2020-02-25,,,,,2020-02-24,,,
2020-02-26,1.0,,,,2020-02-24,1.0,,
2020-02-27,2.0,,,,2020-02-24,1.5,,
2020-02-28,1.0,,,,2020-02-24,1.3333333333333333,,
2020-02-29,0.0,,,,2020-02-24,1.0,,
2020-03-01,3.0,,,,2020-02-24,1.4,,
2020-03-02,0.0,,,,2020-03-02,1.1666666666666667,,
2020-03-03,0.0,,,,2020-03-02,1.0,,
2020-03-04,2.0,,,,2020-03-02,1.1428571428571428,,
2020-03-05,22.0,,,,2020-03-02,4.0,,
2020-03-06,14.0,,,,2020-03-02,5.857142857142857,,
2020-03-07,1.0,,,,2020-03-02,6.0,,
2020-03-08,27.0,,,,2020-03-02,9.428571428571429,,
2020-03-09,0.0,,,1.0,2020-03-09,9.428571428571429,,1.0
2020-03-10,16.0,,,,2020-03-09,11.714285714285714,,1.0
2020-03-11,10.0,1.0,,,2020-03-09,12.857142857142858,1.0,1.0
2020-03-12,0.0,0.0,,3.0,2020-03-09,9.714285714285714,0.5,2.0
2020-03-13,91.0,0.0,,,2020-03-09,20.714285714285715,0.3333333333333333,2.0
2020-03-14,38.0,2.0,,5.0,2020-03-09,26.0,0.75,3.0
2020-03-15,103.0,1.0,,8.0,2020-03-09,36.857142857142854,0.8,4.25
2020-03-16,0.0,0.0,,9.0,2020-03-16,36.857142857142854,0.6666666666666666,6.25
2020-03-17,56.0,1.0,,11.0,2020-03-16,42.57142857142857,0.7142857142857143,7.2
2020-03-18,31.0,0.0,,13.0,2020-03-16,45.57142857142857,0.5714285714285714,8.166666666666666
2020-03-19,0.0,1.0,,16.0,2020-03-16,45.57142857142857,0.7142857142857143,10.333333333333334
2020-03-20,77.0,2.0,,20.0,2020-03-16,43.57142857142857,1.0,11.714285714285714
2020-03-21,35.0,5.0,,18.0,2020-03-16,43.142857142857146,1.4285714285714286,13.571428571428571
2020-03-22,94.0,2.0,,34.0,2020-03-16,41.857142857142854,1.5714285714285714,17.285714285714285
2020-03-23,71.0,2.0,,35.0,2020-03-23,52.0,1.8571428571428572,21.0
2020-03-24,48.0,3.0,,45.0,2020-03-23,50.857142857142854,2.142857142857143,25.857142857142858
2020-03-25,92.0,2.0,,53.0,2020-03-23,59.57142857142857,2.4285714285714284,31.571428571428573
2020-03-26,0.0,0.0,,57.0,2020-03-23,59.57142857142857,2.2857142857142856,37.42857142857143
2020-03-27,0.0,0.0,,66.0,2020-03-23,48.57142857142857,2.0,44.0
2020-03-28,0.0,0.0,,69.0,2020-03-23,43.57142857142857,1.2857142857142858,51.285714285714285
2020-03-29,321.0,16.0,,69.0,2020-03-23,76.0,3.2857142857142856,56.285714285714285
2020-03-30,0.0,0.0,,72.0,2020-03-30,65.85714285714286,3.0,61.57142857142857
2020-03-31,0.0,0.0,,85.0,2020-03-30,59.0,2.5714285714285716,67.28571428571429
2020-04-01,0.0,0.0,,90.0,2020-03-30,45.857142857142854,2.2857142857142856,72.57142857142857
2020-04-02,0.0,0.0,,91.0,2020-03-30,45.857142857142854,2.2857142857142856,77.42857142857143
2020-04-03,457.0,21.0,,92.0,2020-03-30,111.14285714285714,5.285714285714286,81.14285714285714
2020-04-04,60.0,9.0,,91.0,2020-03-30,119.71428571428571,6.571428571428571,84.28571428571429
2020-04-05,62.0,5.0,,93.0,2020-03-30,82.71428571428571,5.0,87.71428571428571
2020-04-06,20.0,6.0,,90.0,2020-04-06,85.57142857142857,5.857142857142857,90.28571428571429
2020-04-07,77.0,2.0,,90.0,2020-04-06,96.57142857142857,6.142857142857143,91.0
2020-04-08,52.0,2.0,,84.0,2020-04-06,104.0,6.428571428571429,90.14285714285714
2020-04-09,71.0,3.0,,79.0,2020-04-06,114.14285714285714,6.857142857142857,88.42857142857143
2020-04-10,54.0,4.0,,77.0,2020-04-06,56.57142857142857,4.428571428571429,86.28571428571429
2020-04-11,72.0,3.0,,75.0,2020-04-06,58.285714285714285,3.5714285714285716,84.0
2020-04-12,0.0,0.0,,76.0,2020-04-06,49.42857142857143,2.857142857142857,81.57142857142857
2020-04-13,64.0,6.0,,73.0,2020-04-13,55.714285714285715,2.857142857142857,79.14285714285714
2020-04-14,25.0,2.0,,76.0,2020-04-13,48.285714285714285,2.857142857142857,77.14285714285714
2020-04-15,22.0,1.0,,72.0,2020-04-13,44.0,2.7142857142857144,75.42857142857143
2020-04-16,15.0,3.0,,69.0,2020-04-13,36.0,2.7142857142857144,74.0
2020-04-17,17.0,3.0,,69.0,2020-04-13,30.714285714285715,2.5714285714285716,72.85714285714286
2020-04-18,11.0,2.0,,67.0,2020-04-13,22.0,2.4285714285714284,71.71428571428571
2020-04-19,10.0,6.0,,67.0,2020-04-13,23.428571428571427,3.2857142857142856,70.42857142857143
2020-04-20,0.0,0.0,,61.0,2020-04-20,14.285714285714286,2.4285714285714284,68.71428571428571
2020-04-21,156.0,5.0,,59.0,2020-04-20,33.0,2.857142857142857,66.28571428571429
2020-04-22,7.0,0.0,,55.0,2020-04-20,30.857142857142858,2.7142857142857144,63.857142857142854
2020-04-23,55.0,4.0,,52.0,2020-04-20,36.57142857142857,2.857142857142857,61.42857142857143
2020-04-24,27.0,5.0,,48.0,2020-04-20,38.0,3.142857142857143,58.42857142857143
2020-04-25,16.0,0.0,,47.0,2020-04-20,38.714285714285715,2.857142857142857,55.57142857142857
2020-04-26,11.0,4.0,,46.0,2020-04-20,38.857142857142854,2.5714285714285716,52.57142857142857
2020-04-27,17.0,2.0,,43.0,2020-04-27,41.285714285714285,2.857142857142857,50.0
2020-04-28,32.0,2.0,,40.0,2020-04-27,23.571428571428573,2.4285714285714284,47.285714285714285
2020-04-29,10.0,1.0,,41.0,2020-04-27,24.0,2.5714285714285716,45.285714285714285
2020-04-30,15.0,1.0,,38.0,2020-04-27,18.285714285714285,2.142857142857143,43.285714285714285
2020-05-01,21.0,0.0,,36.0,2020-04-27,17.428571428571427,1.4285714285714286,41.57142857142857
2020-05-02,8.0,3.0,,37.0,2020-04-27,16.285714285714285,1.8571428571428572,40.142857142857146
2020-05-03,6.0,1.0,,37.0,2020-04-27,15.571428571428571,1.4285714285714286,38.857142857142854
2020-05-04,6.0,2.0,,35.0,2020-05-04,14.0,1.4285714285714286,37.714285714285715
2020-05-05,10.0,0.0,,35.0,2020-05-04,10.857142857142858,1.1428571428571428,37.0
2020-05-06,21.0,1.0,,36.0,2020-05-04,12.428571428571429,1.1428571428571428,36.285714285714285
2020-05-07,15.0,1.0,,33.0,2020-05-04,12.428571428571429,1.1428571428571428,35.57142857142857
2020-05-08,13.0,2.0,,32.0,2020-05-04,11.285714285714286,1.4285714285714286,35.0
2020-05-09,19.0,1.0,,28.0,2020-05-04,12.857142857142858,1.1428571428571428,33.714285714285715
2020-05-10,6.0,0.0,,30.0,2020-05-04,12.857142857142858,1.0,32.714285714285715
2020-05-11,10.0,0.0,,32.0,2020-05-11,13.428571428571429,0.7142857142857143,32.285714285714285
2020-05-12,18.0,1.0,,32.0,2020-05-11,14.571428571428571,0.8571428571428571,31.857142857142858
2020-05-13,16.0,3.0,,28.0,2020-05-11,13.857142857142858,1.1428571428571428,30.714285714285715
2020-05-14,10.0,1.0,,24.0,2020-05-11,13.142857142857142,1.1428571428571428,29.428571428571427
2020-05-15,40.0,4.0,,23.0,2020-05-11,17.0,1.4285714285714286,28.142857142857142
2020-05-16,9.0,2.0,,23.0,2020-05-11,15.571428571428571,1.5714285714285714,27.428571428571427
2020-05-17,15.0,1.0,,22.0,2020-05-11,16.857142857142858,1.7142857142857142,26.285714285714285
2020-05-18,2.0,2.0,,24.0,2020-05-18,15.714285714285714,2.0,25.142857142857142
2020-05-19,4.0,0.0,,22.0,2020-05-18,13.714285714285714,1.8571428571428572,23.714285714285715
2020-05-20,10.0,1.0,,22.0,2020-05-18,12.857142857142858,1.5714285714285714,22.857142857142858
2020-05-21,3.0,2.0,,21.0,2020-05-18,11.857142857142858,1.7142857142857142,22.428571428571427
2020-05-22,20.0,1.0,,19.0,2020-05-18,9.0,1.2857142857142858,21.857142857142858
2020-05-23,3.0,2.0,,20.0,2020-05-18,8.142857142857142,1.2857142857142858,21.428571428571427
2020-05-24,2.0,0.0,,19.0,2020-05-18,6.285714285714286,1.1428571428571428,21.0
2020-05-25,4.0,1.0,,18.0,2020-05-25,6.571428571428571,1.0,20.142857142857142
2020-05-26,7.0,1.0,,18.0,2020-05-25,7.0,1.1428571428571428,19.571428571428573
2020-05-27,14.0,0.0,,17.0,2020-05-25,7.571428571428571,1.0,18.857142857142858
2020-05-28,3.0,2.0,,16.0,2020-05-25,7.571428571428571,1.0,18.142857142857142
2020-05-29,3.0,0.0,,16.0,2020-05-25,5.142857142857143,0.8571428571428571,17.714285714285715
2020-05-30,6.0,0.0,,14.0,2020-05-25,5.571428571428571,0.5714285714285714,16.857142857142858
2020-05-31,2.0,0.0,,13.0,2020-05-25,5.571428571428571,0.5714285714285714,16.0
2020-06-01,1.0,4.0,,12.0,2020-06-01,5.142857142857143,1.0,15.142857142857142
2020-06-02,19.0,0.0,,11.0,2020-06-01,6.857142857142857,0.8571428571428571,14.142857142857142
2020-06-03,15.0,1.0,,11.0,2020-06-01,7.0,1.0,13.285714285714286
2020-06-04,0.0,0.0,,9.0,2020-06-01,6.571428571428571,0.7142857142857143,12.285714285714286
2020-06-05,97.0,2.0,,9.0,2020-06-01,20.0,1.0,11.285714285714286
2020-06-06,0.0,0.0,,9.0,2020-06-01,19.142857142857142,1.0,10.571428571428571
2020-06-07,0.0,0.0,,9.0,2020-06-01,18.857142857142858,1.0,10.0
2020-06-08,0.0,0.0,,10.0,2020-06-08,18.714285714285715,0.42857142857142855,9.714285714285714
2020-06-09,9.0,1.0,,10.0,2020-06-08,17.285714285714285,0.5714285714285714,9.571428571428571
2020-06-10,10.0,0.0,,12.0,2020-06-08,16.571428571428573,0.42857142857142855,9.714285714285714
2020-06-11,20.0,0.0,,14.0,2020-06-08,19.428571428571427,0.42857142857142855,10.428571428571429
2020-06-12,20.0,0.0,,14.0,2020-06-08,8.428571428571429,0.14285714285714285,11.142857142857142
2020-06-13,4.0,0.0,,13.0,2020-06-08,9.0,0.14285714285714285,11.714285714285714
2020-06-14,9.0,0.0,,13.0,2020-06-08,10.285714285714286,0.14285714285714285,12.285714285714286
2020-06-15,13.0,1.0,,13.0,2020-06-15,12.142857142857142,0.2857142857142857,12.714285714285714
2020-06-16,14.0,1.0,,12.0,2020-06-15,12.857142857142858,0.2857142857142857,13.0
2020-06-17,55.0,2.0,,11.0,2020-06-15,19.285714285714285,0.5714285714285714,12.857142857142858
2020-06-18,24.0,1.0,,10.0,2020-06-15,19.857142857142858,0.7142857142857143,12.285714285714286
2020-06-19,10.0,1.0,,10.0,2020-06-15,18.428571428571427,0.8571428571428571,11.714285714285714
2020-06-20,19.0,1.0,,10.0,2020-06-15,20.571428571428573,1.0,11.285714285714286
2020-06-21,10.0,0.0,,9.0,2020-06-15,20.714285714285715,1.0,10.714285714285714
2020-06-22,21.0,0.0,,8.0,2020-06-22,21.857142857142858,0.8571428571428571,10.0
2020-06-23,15.0,0.0,,8.0,2020-06-22,22.0,0.7142857142857143,9.428571428571429
2020-06-24,8.0,0.0,,8.0,2020-06-22,15.285714285714286,0.42857142857142855,9.0
2020-06-25,11.0,1.0,,9.0,2020-06-22,13.428571428571429,0.42857142857142855,8.857142857142858
2020-06-26,22.0,0.0,,11.0,2020-06-22,15.142857142857142,0.2857142857142857,9.0
2020-06-27,23.0,0.0,,11.0,2020-06-22,15.714285714285714,0.14285714285714285,9.142857142857142
2020-06-28,10.0,0.0,,10.0,2020-06-22,15.714285714285714,0.14285714285714285,9.285714285714286
2020-06-29,14.0,0.0,,11.0,2020-06-29,14.714285714285714,0.14285714285714285,9.714285714285714
2020-06-30,19.0,1.0,,9.0,2020-06-29,15.285714285714286,0.2857142857142857,9.857142857142858
2020-07-01,23.0,0.0,,9.0,2020-06-29,17.428571428571427,0.2857142857142857,10.0
2020-07-02,26.0,0.0,,8.0,2020-06-29,19.571428571428573,0.14285714285714285,9.857142857142858
2020-07-03,28.0,0.0,,8.0,2020-06-29,20.428571428571427,0.14285714285714285,9.428571428571429
2020-07-04,25.0,0.0,,11.0,2020-06-29,20.714285714285715,0.14285714285714285,9.428571428571429
2020-07-05,8.0,0.0,,11.0,2020-06-29,20.428571428571427,0.14285714285714285,9.571428571428571
2020-07-06,43.0,0.0,,11.0,2020-07-06,24.571428571428573,0.14285714285714285,9.571428571428571
2020-07-07,27.0,1.0,,10.0,2020-07-06,25.714285714285715,0.14285714285714285,9.714285714285714
2020-07-08,33.0,0.0,,9.0,2020-07-06,27.142857142857142,0.14285714285714285,9.714285714285714
2020-07-09,50.0,0.0,,9.0,2020-07-06,30.571428571428573,0.14285714285714285,9.857142857142858
2020-07-10,60.0,0.0,,9.0,2020-07-06,35.142857142857146,0.14285714285714285,10.0
2020-07-11,40.0,0.0,,9.0,2020-07-06,37.285714285714285,0.14285714285714285,9.714285714285714
2020-07-12,31.0,0.0,,10.0,2020-07-06,40.57142857142857,0.14285714285714285,9.571428571428571
2020-07-13,23.0,0.0,,12.0,2020-07-13,37.714285714285715,0.14285714285714285,9.714285714285714
2020-07-14,57.0,0.0,,13.0,2020-07-13,42.0,0.0,10.142857142857142
2020-07-15,27.0,0.0,,13.0,2020-07-13,41.142857142857146,0.0,10.714285714285714
2020-07-16,29.0,0.0,,14.0,2020-07-13,38.142857142857146,0.0,11.428571428571429
2020-07-17,25.0,1.0,,12.0,2020-07-13,33.142857142857146,0.14285714285714285,11.857142857142858
2020-07-18,19.0,0.0,,12.0,2020-07-13,30.142857142857142,0.14285714285714285,12.285714285714286
2020-07-19,24.0,0.0,,13.0,2020-07-13,29.142857142857142,0.14285714285714285,12.714285714285714
2020-07-20,5.0,1.0,,12.0,2020-07-20,26.571428571428573,0.2857142857142857,12.714285714285714
2020-07-21,36.0,2.0,,10.0,2020-07-20,23.571428571428573,0.5714285714285714,12.285714285714286
2020-07-22,29.0,3.0,,10.0,2020-07-20,23.857142857142858,1.0,11.857142857142858
2020-07-23,33.0,1.0,,8.0,2020-07-20,24.428571428571427,1.1428571428571428,11.0
2020-07-24,25.0,0.0,,8.0,2020-07-20,24.428571428571427,1.0,10.428571428571429
2020-07-25,31.0,0.0,,10.0,2020-07-20,26.142857142857142,1.0,10.142857142857142
2020-07-26,27.0,1.0,,9.0,2020-07-20,26.571428571428573,1.1428571428571428,9.571428571428571
2020-07-27,34.0,0.0,,9.0,2020-07-27,30.714285714285715,1.0,9.142857142857142
2020-07-28,52.0,1.0,,8.0,2020-07-27,33.0,0.8571428571428571,8.857142857142858
2020-07-29,57.0,0.0,,8.0,2020-07-27,37.0,0.42857142857142855,8.571428571428571
2020-07-30,65.0,0.0,,7.0,2020-07-27,41.57142857142857,0.2857142857142857,8.428571428571429
2020-07-31,76.0,3.0,,9.0,2020-07-27,48.857142857142854,0.7142857142857143,8.571428571428571
2020-08-01,110.0,0.0,,10.0,2020-07-27,60.142857142857146,0.7142857142857143,8.571428571428571
2020-08-02,75.0,2.0,,12.0,2020-07-27,67.0,0.8571428571428571,9.0
2020-08-03,75.0,1.0,,13.0,2020-08-03,72.85714285714286,1.0,9.571428571428571
2020-08-04,118.0,0.0,,13.0,2020-08-03,82.28571428571429,0.8571428571428571,10.285714285714286
2020-08-05,118.0,1.0,,13.0,2020-08-03,91.0,1.0,11.0
2020-08-06,150.0,0.0,,14.0,2020-08-03,103.14285714285714,1.0,12.0
2020-08-07,147.0,0.0,,14.0,2020-08-03,113.28571428571429,0.5714285714285714,12.714285714285714
2020-08-08,151.0,1.0,,17.0,2020-08-03,119.14285714285714,0.7142857142857143,13.714285714285714
2020-08-09,202.0,1.0,,22.0,2020-08-03,137.28571428571428,0.5714285714285714,15.142857142857142
2020-08-10,126.0,1.0,,24.0,2020-08-10,144.57142857142858,0.5714285714285714,16.714285714285715
2020-08-11,193.0,1.0,,26.0,2020-08-10,155.28571428571428,0.7142857142857143,18.571428571428573
2020-08-12,235.0,2.0,,24.0,2020-08-10,172.0,0.8571428571428571,20.142857142857142
2020-08-13,204.0,5.0,,22.0,2020-08-10,179.71428571428572,1.5714285714285714,21.285714285714285
2020-08-14,251.0,2.0,,22.0,2020-08-10,194.57142857142858,1.8571428571428572,22.428571428571427
2020-08-15,226.0,3.0,,23.0,2020-08-10,205.28571428571428,2.142857142857143,23.285714285714285
2020-08-16,217.0,2.0,,24.0,2020-08-10,207.42857142857142,2.2857142857142856,23.571428571428573
2020-08-17,147.0,2.0,,23.0,2020-08-17,210.42857142857142,2.4285714285714284,23.428571428571427
2020-08-18,250.0,2.0,,25.0,2020-08-17,218.57142857142858,2.5714285714285716,23.285714285714285
2020-08-19,212.0,3.0,,28.0,2020-08-17,215.28571428571428,2.7142857142857144,23.857142857142858
2020-08-20,250.0,0.0,,30.0,2020-08-17,221.85714285714286,2.0,25.0
2020-08-21,204.0,3.0,,28.0,2020-08-17,215.14285714285714,2.142857142857143,25.857142857142858
2020-08-22,243.0,2.0,,31.0,2020-08-17,217.57142857142858,2.0,27.0
2020-08-23,283.0,2.0,,31.0,2020-08-17,227.0,2.0,28.0
2020-08-24,155.0,0.0,,31.0,2020-08-24,228.14285714285714,1.7142857142857142,29.142857142857142
2020-08-25,168.0,1.0,,31.0,2020-08-24,216.42857142857142,1.5714285714285714,30.0
2020-08-26,0.0,0.0,,33.0,2020-08-24,186.14285714285714,1.1428571428571428,30.714285714285715
2020-08-27,544.0,11.0,,35.0,2020-08-24,228.14285714285714,2.7142857142857144,31.428571428571427
2020-08-28,269.0,5.0,,35.0,2020-08-24,237.42857142857142,3.0,32.42857142857143
2020-08-29,177.0,1.0,,36.0,2020-08-24,228.0,2.857142857142857,33.142857142857146
2020-08-30,157.0,2.0,,35.0,2020-08-24,210.0,2.857142857142857,33.714285714285715
2020-08-31,183.0,4.0,,36.0,2020-08-31,214.0,3.4285714285714284,34.42857142857143
2020-09-01,207.0,5.0,,38.0,2020-08-31,219.57142857142858,4.0,35.42857142857143
2020-09-02,233.0,2.0,,38.0,2020-08-31,252.85714285714286,4.285714285714286,36.142857142857146
2020-09-03,241.0,5.0,,39.0,2020-08-31,209.57142857142858,3.4285714285714284,36.714285714285715
2020-09-04,202.0,1.0,,38.0,2020-08-31,200.0,2.857142857142857,37.142857142857146
2020-09-05,186.0,1.0,,40.0,2020-08-31,201.28571428571428,2.857142857142857,37.714285714285715
2020-09-06,138.0,4.0,,41.0,2020-08-31,198.57142857142858,3.142857142857143,38.57142857142857
2020-09-07,139.0,5.0,,42.0,2020-09-07,192.28571428571428,3.2857142857142856,39.42857142857143
2020-09-08,169.0,1.0,,42.0,2020-09-07,186.85714285714286,2.7142857142857144,40.0
2020-09-09,248.0,3.0,,46.0,2020-09-07,189.0,2.857142857142857,41.142857142857146
2020-09-10,372.0,4.0,,49.0,2020-09-07,207.71428571428572,2.7142857142857144,42.57142857142857
2020-09-11,282.0,3.0,,52.0,2020-09-07,219.14285714285714,3.0,44.57142857142857
2020-09-12,302.0,2.0,,53.0,2020-09-07,235.71428571428572,3.142857142857143,46.42857142857143
2020-09-13,204.0,3.0,,54.0,2020-09-07,245.14285714285714,3.0,48.285714285714285
2020-09-14,180.0,5.0,,59.0,2020-09-14,251.0,3.0,50.714285714285715
2020-09-15,310.0,3.0,,67.0,2020-09-14,271.14285714285717,3.2857142857142856,54.285714285714285
2020-09-16,311.0,3.0,,67.0,2020-09-14,280.14285714285717,3.2857142857142856,57.285714285714285
2020-09-17,359.0,9.0,,69.0,2020-09-14,278.2857142857143,4.0,60.142857142857146
2020-09-18,338.0,2.0,,71.0,2020-09-14,286.2857142857143,3.857142857142857,62.857142857142854
2020-09-19,240.0,4.0,,65.0,2020-09-14,277.42857142857144,4.142857142857143,64.57142857142857
2020-09-20,164.0,7.0,,78.0,2020-09-14,271.7142857142857,4.714285714285714,68.0
2020-09-21,453.0,6.0,,79.0,2020-09-21,310.7142857142857,4.857142857142857,70.85714285714286
2020-09-22,333.0,8.0,,77.0,2020-09-21,314.0,5.571428571428571,72.28571428571429
2020-09-23,358.0,5.0,,73.0,2020-09-21,320.7142857142857,5.857142857142857,73.14285714285714
2020-09-24,341.0,9.0,,68.0,2020-09-21,318.14285714285717,5.857142857142857,73.0
2020-09-25,286.0,3.0,,63.0,2020-09-21,310.7142857142857,6.0,71.85714285714286
2020-09-26,315.0,7.0,,68.0,2020-09-21,321.42857142857144,6.428571428571429,72.28571428571429
2020-09-27,216.0,3.0,,68.0,2020-09-21,328.85714285714283,5.857142857142857,70.85714285714286
2020-09-28,263.0,4.0,,73.0,2020-09-28,301.7142857142857,5.571428571428571,70.0
2020-09-29,416.0,5.0,,79.0,2020-09-28,313.57142857142856,5.142857142857143,70.28571428571429
2020-09-30,352.0,3.0,,78.0,2020-09-28,312.7142857142857,4.857142857142857,71.0
2020-10-01,411.0,2.0,,89.0,2020-09-28,322.7142857142857,3.857142857142857,74.0
2020-10-02,460.0,5.0,,85.0,2020-09-28,347.57142857142856,4.142857142857143,77.14285714285714
2020-10-03,267.0,7.0,,79.0,2020-09-28,340.7142857142857,4.142857142857143,78.71428571428571
2020-10-04,229.0,4.0,,82.0,2020-09-28,342.57142857142856,4.285714285714286,80.71428571428571
2020-10-05,300.0,8.0,,83.0,2020-10-05,347.85714285714283,4.857142857142857,82.14285714285714
2020-10-06,399.0,3.0,,87.0,2020-10-05,345.42857142857144,4.571428571428571,83.28571428571429
2020-10-07,406.0,4.0,,88.0,2020-10-05,353.14285714285717,4.714285714285714,84.71428571428571
2020-10-08,434.0,6.0,,91.0,2020-10-05,356.42857142857144,5.285714285714286,85.0
2020-10-09,391.0,1.0,,98.0,2020-10-05,346.57142857142856,4.714285714285714,86.85714285714286
2020-10-10,306.0,5.0,,100.0,2020-10-05,352.14285714285717,4.428571428571429,89.85714285714286
2020-10-11,280.0,13.0,,93.0,2020-10-05,359.42857142857144,5.714285714285714,91.42857142857143
2020-10-12,294.0,7.0,,91.0,2020-10-12,358.57142857142856,5.571428571428571,92.57142857142857
2020-10-13,408.0,6.0,,89.0,2020-10-12,359.85714285714283,6.0,92.85714285714286
2020-10-14,435.0,7.0,,86.0,2020-10-12,364.0,6.428571428571429,92.57142857142857
2020-10-15,452.0,13.0,,82.0,2020-10-12,366.57142857142856,7.428571428571429,91.28571428571429
2020-10-16,503.0,8.0,,81.0,2020-10-12,382.57142857142856,8.428571428571429,88.85714285714286
2020-10-17,482.0,10.0,,83.0,2020-10-12,407.7142857142857,9.142857142857142,86.42857142857143
2020-10-18,438.0,9.0,,84.0,2020-10-12,430.2857142857143,8.571428571428571,85.14285714285714
2020-10-19,432.0,11.0,,85.0,2020-10-19,450.0,9.142857142857142,84.28571428571429
2020-10-20,667.0,8.0,,87.0,2020-10-19,487.0,9.428571428571429,84.0
2020-10-21,865.0,6.0,,86.0,2020-10-19,548.4285714285714,9.285714285714286,84.0
2020-10-22,882.0,15.0,,90.0,2020-10-19,609.8571428571429,9.571428571428571,85.14285714285714
2020-10-23,841.0,10.0,,89.0,2020-10-19,658.1428571428571,9.857142857142858,86.28571428571429
2020-10-24,935.0,5.0,,91.0,2020-10-19,722.8571428571429,9.142857142857142,87.42857142857143
2020-10-25,790.0,10.0,,84.0,2020-10-19,773.1428571428571,9.285714285714286,87.42857142857143
2020-10-26,714.0,7.0,,95.0,2020-10-26,813.4285714285714,8.714285714285714,88.85714285714286
2020-10-27,1256.0,12.0,,102.0,2020-10-26,897.5714285714286,9.285714285714286,91.0
2020-10-28,1547.0,10.0,,108.0,2020-10-26,995.0,9.857142857142858,94.14285714285714
2020-10-29,1211.0,12.0,,114.0,2020-10-26,1042.0,9.428571428571429,97.57142857142857
2020-10-30,1686.0,5.0,,128.0,2020-10-26,1162.7142857142858,8.714285714285714,103.14285714285714
2020-10-31,2055.0,6.0,,135.0,2020-10-26,1322.7142857142858,8.857142857142858,109.42857142857143
2020-11-01,1678.0,9.0,,140.0,2020-10-26,1449.5714285714287,8.714285714285714,117.42857142857143
2020-11-02,1151.0,7.0,,153.0,2020-11-02,1512.0,8.714285714285714,125.71428571428571
2020-11-03,2166.0,13.0,,169.0,2020-11-02,1642.0,8.857142857142858,135.28571428571428
2020-11-04,2646.0,18.0,,179.0,2020-11-02,1799.0,10.0,145.42857142857142
2020-11-05,2915.0,29.0,,187.0,2020-11-02,2042.4285714285713,12.428571428571429,155.85714285714286
2020-11-06,2447.0,13.0,,196.0,2020-11-02,2151.1428571428573,13.571428571428571,165.57142857142858
2020-11-07,2555.0,34.0,,207.0,2020-11-02,2222.5714285714284,17.571428571428573,175.85714285714286
2020-11-08,1889.0,35.0,,228.0,2020-11-02,2252.714285714286,21.285714285714285,188.42857142857142
2020-11-09,1489.0,41.0,,239.0,2020-11-09,2301.0,26.142857142857142,200.71428571428572
2020-11-10,2383.0,41.0,,263.0,2020-11-09,2332.0,30.142857142857142,214.14285714285714
2020-11-11,2751.0,43.0,,297.0,2020-11-09,2347.0,33.714285714285715,231.0
2020-11-12,3316.0,50.0,,310.0,2020-11-09,2404.285714285714,36.714285714285715,248.57142857142858
2020-11-13,3038.0,38.0,,336.0,2020-11-09,2488.714285714286,40.285714285714285,268.57142857142856
2020-11-14,2835.0,38.0,,366.0,2020-11-09,2528.714285714286,40.857142857142854,291.2857142857143
2020-11-15,1695.0,71.0,,392.0,2020-11-09,2501.0,46.0,314.7142857142857
2020-11-16,2198.0,59.0,,400.0,2020-11-16,2602.285714285714,48.57142857142857,337.7142857142857
2020-11-17,2422.0,63.0,,443.0,2020-11-16,2607.8571428571427,51.714285714285715,363.42857142857144
2020-11-18,3209.0,60.0,,480.0,2020-11-16,2673.285714285714,54.142857142857146,389.57142857142856
2020-11-19,3227.0,59.0,,499.0,2020-11-16,2660.5714285714284,55.42857142857143,416.57142857142856
2020-11-20,2551.0,72.0,,519.0,2020-11-16,2591.0,60.285714285714285,442.7142857142857
2020-11-21,2309.0,108.0,,522.0,2020-11-16,2515.8571428571427,70.28571428571429,465.0
2020-11-22,1498.0,103.0,,540.0,2020-11-16,2487.714285714286,74.85714285714286,486.14285714285717
2020-11-23,1387.0,84.0,,549.0,2020-11-23,2371.8571428571427,78.42857142857143,507.42857142857144
2020-11-24,2131.0,101.0,,562.0,2020-11-23,2330.285714285714,83.85714285714286,524.4285714285714
2020-11-25,2151.0,87.0,,597.0,2020-11-23,2179.1428571428573,87.71428571428571,541.1428571428571
2020-11-26,2018.0,99.0,,608.0,2020-11-23,2006.4285714285713,93.42857142857143,556.7142857142857
2020-11-27,1981.0,101.0,,607.0,2020-11-23,1925.0,97.57142857142857,569.2857142857143
2020-11-28,1747.0,121.0,,606.0,2020-11-23,1844.7142857142858,99.42857142857143,581.2857142857143
2020-11-29,1193.0,98.0,,603.0,2020-11-23,1801.142857142857,98.71428571428571,590.2857142857143
2020-11-30,1044.0,85.0,,600.0,2020-11-30,1752.142857142857,98.85714285714286,597.5714285714286
2020-12-01,2199.0,111.0,,596.0,2020-11-30,1761.857142857143,100.28571428571429,602.4285714285714
2020-12-02,2185.0,89.0,,613.0,2020-11-30,1766.7142857142858,100.57142857142857,604.7142857142857
2020-12-03,1882.0,100.0,,622.0,2020-11-30,1747.2857142857142,100.71428571428571,606.7142857142857
2020-12-04,1648.0,98.0,,612.0,2020-11-30,1699.7142857142858,100.28571428571429,607.4285714285714
2020-12-05,1383.0,98.0,,594.0,2020-11-30,1647.7142857142858,97.0,605.7142857142857
2020-12-06,903.0,101.0,,600.0,2020-11-30,1606.2857142857142,97.42857142857143,605.2857142857143
2020-12-07,1250.0,89.0,,600.0,2020-12-07,1635.7142857142858,98.0,605.2857142857143
2020-12-08,1324.0,102.0,,579.0,2020-12-07,1510.7142857142858,96.71428571428571,602.8571428571429
2020-12-09,1675.0,95.0,,578.0,2020-12-07,1437.857142857143,97.57142857142857,597.8571428571429
2020-12-10,1533.0,81.0,,571.0,2020-12-07,1388.0,94.85714285714286,590.5714285714286
2020-12-11,1395.0,102.0,,583.0,2020-12-07,1351.857142857143,95.42857142857143,586.4285714285714
2020-12-12,1194.0,68.0,,577.0,2020-12-07,1324.857142857143,91.14285714285714,584.0
2020-12-13,692.0,85.0,,552.0,2020-12-07,1294.7142857142858,88.85714285714286,577.1428571428571
2020-12-14,639.0,62.0,,558.0,2020-12-14,1207.4285714285713,85.0,571.1428571428571
2020-12-15,1199.0,98.0,,550.0,2020-12-14,1189.5714285714287,84.42857142857143,567.0
2020-12-16,1185.0,85.0,,552.0,2020-12-14,1119.5714285714287,83.0,563.2857142857143
2020-12-17,1153.0,78.0,,542.0,2020-12-14,1065.2857142857142,82.57142857142857,559.1428571428571
2020-12-18,874.0,96.0,,527.0,2020-12-14,990.8571428571429,81.71428571428571,551.1428571428571
2020-12-19,901.0,58.0,,534.0,2020-12-14,949.0,80.28571428571429,545.0
2020-12-20,587.0,70.0,,515.0,2020-12-14,934.0,78.14285714285714,539.7142857142857
2020-12-21,525.0,85.0,,505.0,2020-12-21,917.7142857142857,81.42857142857143,532.1428571428571
2020-12-22,833.0,83.0,,491.0,2020-12-21,865.4285714285714,79.28571428571429,523.7142857142857
2020-12-23,935.0,62.0,,495.0,2020-12-21,829.7142857142857,76.0,515.5714285714286
2020-12-24,870.0,55.0,,476.0,2020-12-21,789.2857142857143,72.71428571428571,506.14285714285717
2020-12-25,617.0,50.0,,470.0,2020-12-21,752.5714285714286,66.14285714285714,498.0
2020-12-26,262.0,46.0,,473.0,2020-12-21,661.2857142857143,64.42857142857143,489.2857142857143
2020-12-27,342.0,53.0,,469.0,2020-12-21,626.2857142857143,62.0,482.7142857142857
2020-12-28,475.0,66.0,,467.0,2020-12-28,619.1428571428571,59.285714285714285,477.2857142857143
2020-12-29,1045.0,58.0,,458.0,2020-12-28,649.4285714285714,55.714285714285715,472.57142857142856
2020-12-30,942.0,58.0,,443.0,2020-12-28,650.4285714285714,55.142857142857146,465.14285714285717
2020-12-31,932.0,50.0,,438.0,2020-12-28,659.2857142857143,54.42857142857143,459.7142857142857
2021-01-01,597.0,43.0,84.26,429.0,2020-12-28,656.4285714285714,53.42857142857143,453.85714285714283
2021-01-02,262.0,40.0,84.26,431.0,2020-12-28,656.4285714285714,52.57142857142857,447.85714285714283
2021-01-03,390.0,36.0,84.26,421.0,2020-12-28,663.2857142857143,50.142857142857146,441.0
2021-01-04,427.0,54.0,84.26,407.0,2021-01-04,656.4285714285714,48.42857142857143,432.42857142857144
2021-01-05,927.0,40.0,84.26,405.0,2021-01-04,639.5714285714286,45.857142857142854,424.85714285714283
2021-01-06,814.0,48.0,84.26,399.0,2021-01-04,621.2857142857143,44.42857142857143,418.57142857142856
2021-01-07,510.0,47.0,84.26,391.0,2021-01-04,561.0,44.0,411.85714285714283
2021-01-08,717.0,49.0,84.26,386.0,2021-01-04,578.1428571428571,44.857142857142854,405.7142857142857
2021-01-09,799.0,32.0,84.26,362.0,2021-01-04,654.8571428571429,43.714285714285715,395.85714285714283
2021-01-10,445.0,36.0,84.26,353.0,2021-01-04,662.7142857142857,43.714285714285715,386.14285714285717
2021-01-11,441.0,39.0,80.56,350.0,2021-01-11,664.7142857142857,41.57142857142857,378.0
2021-01-12,841.0,27.0,80.56,337.0,2021-01-11,652.4285714285714,39.714285714285715,368.2857142857143
2021-01-13,668.0,25.0,80.56,340.0,2021-01-11,631.5714285714286,36.42857142857143,359.85714285714283
2021-01-14,595.0,33.0,80.56,328.0,2021-01-11,643.7142857142857,34.42857142857143,350.85714285714283
2021-01-15,577.0,34.0,80.56,319.0,2021-01-11,623.7142857142857,32.285714285714285,341.2857142857143
2021-01-16,510.0,20.0,80.56,323.0,2021-01-11,582.4285714285714,30.571428571428573,335.7142857142857
2021-01-17,237.0,28.0,80.56,320.0,2021-01-11,552.7142857142857,29.428571428571427,331.0
2021-01-18,318.0,19.0,80.56,322.0,2021-01-18,535.1428571428571,26.571428571428573,327.0
2021-01-19,537.0,30.0,80.56,320.0,2021-01-18,491.7142857142857,27.0,324.57142857142856
2021-01-20,511.0,27.0,80.56,300.0,2021-01-18,469.2857142857143,27.285714285714285,318.85714285714283
2021-01-21,506.0,25.0,80.56,293.0,2021-01-18,456.57142857142856,26.142857142857142,313.85714285714283
2021-01-22,562.0,28.0,80.56,288.0,2021-01-18,454.42857142857144,25.285714285714285,309.42857142857144
2021-01-23,605.0,24.0,80.56,292.0,2021-01-18,468.0,25.857142857142858,305.0
2021-01-24,334.0,24.0,80.56,288.0,2021-01-18,481.85714285714283,25.285714285714285,300.42857142857144
2021-01-25,432.0,25.0,80.56,286.0,2021-01-25,498.14285714285717,26.142857142857142,295.2857142857143
2021-01-26,814.0,21.0,80.56,283.0,2021-01-25,537.7142857142857,24.857142857142858,290.0
2021-01-27,857.0,32.0,80.56,274.0,2021-01-25,587.1428571428571,25.571428571428573,286.2857142857143
2021-01-28,713.0,18.0,80.56,268.0,2021-01-25,616.7142857142857,24.571428571428573,282.7142857142857
2021-01-29,882.0,22.0,80.56,260.0,2021-01-25,662.4285714285714,23.714285714285715,278.7142857142857
2021-01-30,795.0,15.0,80.56,257.0,2021-01-25,689.5714285714286,22.428571428571427,273.7142857142857
2021-01-31,484.0,17.0,80.56,255.0,2021-01-25,711.0,21.428571428571427,269.0
2021-02-01,538.0,33.0,81.48,248.0,2021-02-01,726.1428571428571,22.571428571428573,263.57142857142856
2021-02-02,1221.0,22.0,81.48,244.0,2021-02-01,784.2857142857143,22.714285714285715,258.0
2021-02-03,1150.0,27.0,81.48,246.0,2021-02-01,826.1428571428571,22.0,254.0
2021-02-04,1069.0,25.0,81.48,249.0,2021-02-01,877.0,23.0,251.28571428571428
2021-02-05,1172.0,19.0,81.48,246.0,2021-02-01,918.4285714285714,22.571428571428573,249.28571428571428
2021-02-06,1106.0,29.0,81.48,249.0,2021-02-01,962.8571428571429,24.571428571428573,248.14285714285714
2021-02-07,733.0,21.0,81.48,262.0,2021-02-01,998.4285714285714,25.142857142857142,249.14285714285714
2021-02-08,629.0,25.0,81.48,276.0,2021-02-08,1011.4285714285714,24.0,253.14285714285714
2021-02-09,1492.0,20.0,81.48,277.0,2021-02-08,1050.142857142857,23.714285714285715,257.85714285714283
2021-02-10,1482.0,17.0,81.48,284.0,2021-02-08,1097.5714285714287,22.285714285714285,263.2857142857143
2021-02-11,1323.0,22.0,81.48,281.0,2021-02-08,1133.857142857143,21.857142857142858,267.85714285714283
2021-02-12,1372.0,21.0,81.48,293.0,2021-02-08,1162.4285714285713,22.142857142857142,274.57142857142856
2021-02-13,1222.0,26.0,81.48,300.0,2021-02-08,1179.0,21.714285714285715,281.85714285714283
2021-02-14,662.0,23.0,81.48,301.0,2021-02-08,1168.857142857143,22.0,287.42857142857144
2021-02-15,696.0,26.0,81.48,299.0,2021-02-15,1178.4285714285713,22.142857142857142,290.7142857142857
2021-02-16,1081.0,29.0,78.7,309.0,2021-02-15,1119.7142857142858,23.428571428571427,295.2857142857143
2021-02-17,754.0,13.0,78.7,313.0,2021-02-15,1015.7142857142857,22.857142857142858,299.42857142857144
2021-02-18,1400.0,27.0,78.7,320.0,2021-02-15,1026.7142857142858,23.571428571428573,305.0
2021-02-19,1435.0,28.0,78.7,325.0,2021-02-15,1035.7142857142858,24.571428571428573,309.57142857142856
2021-02-20,1424.0,23.0,80.56,325.0,2021-02-15,1064.5714285714287,24.142857142857142,313.14285714285717
2021-02-21,884.0,25.0,80.56,326.0,2021-02-15,1096.2857142857142,24.428571428571427,316.7142857142857
2021-02-22,870.0,24.0,80.56,346.0,2021-02-22,1121.142857142857,24.142857142857142,323.42857142857144
2021-02-23,2111.0,22.0,80.56,357.0,2021-02-22,1268.2857142857142,23.142857142857142,330.2857142857143
2021-02-24,1903.0,28.0,80.56,357.0,2021-02-22,1432.4285714285713,25.285714285714285,336.57142857142856
2021-02-25,1783.0,39.0,80.56,367.0,2021-02-22,1487.142857142857,27.0,343.2857142857143
2021-02-26,1732.0,29.0,80.56,371.0,2021-02-22,1529.5714285714287,27.142857142857142,349.85714285714283
2021-02-27,1630.0,29.0,80.56,379.0,2021-02-22,1559.0,28.0,357.57142857142856
2021-02-28,1269.0,36.0,88.89,391.0,2021-02-22,1614.0,29.571428571428573,366.85714285714283
2021-03-01,1170.0,30.0,88.89,406.0,2021-03-01,1656.857142857143,30.428571428571427,375.42857142857144
2021-03-02,2312.0,23.0,88.89,422.0,2021-03-01,1685.5714285714287,30.571428571428573,384.7142857142857
2021-03-03,2697.0,40.0,88.89,431.0,2021-03-01,1799.0,32.285714285714285,395.2857142857143
2021-03-04,2217.0,35.0,88.89,449.0,2021-03-01,1861.0,31.714285714285715,407.0
2021-03-05,2181.0,32.0,88.89,451.0,2021-03-01,1925.142857142857,32.142857142857146,418.42857142857144
2021-03-06,2301.0,41.0,88.89,452.0,2021-03-01,2021.0,33.857142857142854,428.85714285714283
2021-03-07,1142.0,53.0,88.89,466.0,2021-03-01,2002.857142857143,36.285714285714285,439.57142857142856
2021-03-08,1161.0,39.0,88.89,477.0,2021-03-08,2001.5714285714287,37.57142857142857,449.7142857142857
2021-03-09,3181.0,46.0,88.89,484.0,2021-03-08,2125.714285714286,40.857142857142854,458.57142857142856
2021-03-10,2629.0,43.0,88.89,479.0,2021-03-08,2116.0,41.285714285714285,465.42857142857144
2021-03-11,2570.0,51.0,88.89,506.0,2021-03-08,2166.4285714285716,43.57142857142857,473.57142857142856
2021-03-12,2357.0,49.0,88.89,521.0,2021-03-08,2191.5714285714284,46.0,483.57142857142856
2021-03-13,2503.0,52.0,88.89,545.0,2021-03-08,2220.4285714285716,47.57142857142857,496.85714285714283
2021-03-14,1626.0,53.0,88.89,564.0,2021-03-08,2289.5714285714284,47.57142857142857,510.85714285714283
2021-03-15,1134.0,46.0,88.89,564.0,2021-03-15,2285.714285714286,48.57142857142857,523.2857142857143
2021-03-16,1508.0,59.0,88.89,605.0,2021-03-15,2046.7142857142858,50.42857142857143,540.5714285714286
2021-03-17,3458.0,56.0,87.96,630.0,2021-03-15,2165.1428571428573,52.285714285714285,562.1428571428571
2021-03-18,3070.0,45.0,87.96,645.0,2021-03-15,2236.5714285714284,51.42857142857143,582.0
2021-03-19,2762.0,64.0,87.96,649.0,2021-03-15,2294.4285714285716,53.57142857142857,600.2857142857143
2021-03-20,2532.0,60.0,87.96,672.0,2021-03-15,2298.5714285714284,54.714285714285715,618.4285714285714
2021-03-21,1514.0,41.0,87.96,674.0,2021-03-15,2282.5714285714284,53.0,634.1428571428571
2021-03-22,1705.0,69.0,87.96,681.0,2021-03-22,2364.1428571428573,56.285714285714285,650.8571428571429
2021-03-23,3517.0,51.0,87.96,699.0,2021-03-22,2651.1428571428573,55.142857142857146,664.2857142857143
2021-03-24,3058.0,67.0,87.96,699.0,2021-03-22,2594.0,56.714285714285715,674.1428571428571
2021-03-25,2587.0,52.0,87.96,706.0,2021-03-22,2525.0,57.714285714285715,682.8571428571429
2021-03-26,1466.0,53.0,87.96,707.0,2021-03-22,2339.8571428571427,56.142857142857146,691.1428571428571
2021-03-27,3132.0,72.0,87.96,728.0,2021-03-22,2425.5714285714284,57.857142857142854,699.1428571428571
2021-03-28,1441.0,54.0,87.96,735.0,2021-03-22,2415.1428571428573,59.714285714285715,707.8571428571429
2021-03-29,1724.0,65.0,87.96,738.0,2021-03-29,2417.8571428571427,59.142857142857146,716.0
2021-03-30,4322.0,72.0,87.96,741.0,2021-03-29,2532.8571428571427,62.142857142857146,722.0
2021-03-31,3612.0,76.0,87.96,739.0,2021-03-29,2612.0,63.42857142857143,727.7142857142857
2021-04-01,3483.0,67.0,87.96,755.0,2021-03-29,2740.0,65.57142857142857,734.7142857142857
2021-04-02,3058.0,72.0,87.96,753.0,2021-03-29,2967.4285714285716,68.28571428571429,741.2857142857143
2021-04-03,3229.0,70.0,87.96,755.0,2021-03-29,2981.285714285714,68.0,745.1428571428571
2021-04-04,1955.0,78.0,87.96,749.0,2021-03-29,3054.714285714286,71.42857142857143,747.1428571428571
2021-04-05,1863.0,73.0,87.96,759.0,2021-04-05,3074.5714285714284,72.57142857142857,750.1428571428571
2021-04-06,4293.0,79.0,87.96,751.0,2021-04-05,3070.4285714285716,73.57142857142857,751.5714285714286
2021-04-07,3445.0,75.0,87.96,749.0,2021-04-05,3046.5714285714284,73.42857142857143,753.0
2021-04-08,3215.0,73.0,87.96,776.0,2021-04-05,3008.285714285714,74.28571428571429,756.0
2021-04-09,2734.0,78.0,87.96,790.0,2021-04-05,2962.0,75.14285714285714,761.2857142857143
2021-04-10,2799.0,75.0,87.96,781.0,2021-04-05,2900.5714285714284,75.85714285714286,765.0
2021-04-11,1717.0,52.0,87.96,780.0,2021-04-05,2866.5714285714284,72.14285714285714,769.4285714285714
2021-04-12,1606.0,76.0,87.96,781.0,2021-04-12,2829.8571428571427,72.57142857142857,772.5714285714286
2021-04-13,4017.0,93.0,87.96,802.0,2021-04-12,2790.4285714285716,74.57142857142857,779.8571428571429
2021-04-14,3081.0,81.0,87.96,809.0,2021-04-12,2738.4285714285716,75.42857142857143,788.4285714285714
2021-04-15,3822.0,104.0,87.96,819.0,2021-04-12,2825.1428571428573,79.85714285714286,794.5714285714286
2021-04-16,3027.0,91.0,87.96,824.0,2021-04-12,2867.0,81.71428571428571,799.4285714285714
2021-04-17,2411.0,67.0,87.96,837.0,2021-04-12,2811.5714285714284,80.57142857142857,807.4285714285714
2021-04-18,1829.0,65.0,87.96,841.0,2021-04-12,2827.5714285714284,82.42857142857143,816.1428571428571
2021-04-19,1606.0,78.0,87.96,847.0,2021-04-19,2827.5714285714284,82.71428571428571,825.5714285714286
2021-04-20,3750.0,87.0,87.96,847.0,2021-04-19,2789.4285714285716,81.85714285714286,832.0
2021-04-21,3010.0,86.0,87.96,831.0,2021-04-19,2779.285714285714,82.57142857142857,835.1428571428571
2021-04-22,2756.0,75.0,71.3,822.0,2021-04-19,2627.0,78.42857142857143,835.5714285714286
2021-04-23,2739.0,76.0,71.3,819.0,2021-04-19,2585.8571428571427,76.28571428571429,834.8571428571429
2021-04-24,2596.0,86.0,71.3,797.0,2021-04-19,2612.285714285714,79.0,829.1428571428571
2021-04-25,1399.0,57.0,71.3,816.0,2021-04-19,2550.8571428571427,77.85714285714286,825.5714285714286
2021-04-26,1307.0,80.0,71.3,811.0,2021-04-26,2508.1428571428573,78.14285714285714,820.4285714285714
2021-04-27,3287.0,92.0,71.3,813.0,2021-04-26,2442.0,78.85714285714286,815.5714285714286
2021-04-28,2770.0,63.0,71.3,805.0,2021-04-26,2407.714285714286,75.57142857142857,811.8571428571429
2021-04-29,2415.0,73.0,71.3,817.0,2021-04-26,2359.0,75.28571428571429,811.1428571428571
2021-04-30,2125.0,66.0,71.3,802.0,2021-04-26,2271.285714285714,73.85714285714286,808.7142857142857
2021-05-01,1389.0,72.0,71.3,811.0,2021-04-26,2098.8571428571427,71.85714285714286,810.7142857142857
2021-05-02,0.0,0.0,71.3,811.0,2021-04-26,1899.0,63.714285714285715,810.0
2021-05-03,2146.0,134.0,71.3,797.0,2021-05-03,2018.857142857143,71.42857142857143,808.0
2021-05-04,1368.0,81.0,71.3,783.0,2021-05-03,1744.7142857142858,69.85714285714286,803.7142857142857
2021-05-05,2091.0,96.0,71.3,765.0,2021-05-03,1647.7142857142858,74.57142857142857,798.0
2021-05-06,3418.0,83.0,71.3,754.0,2021-05-03,1791.0,76.0,789.0
2021-05-07,2671.0,63.0,71.3,749.0,2021-05-03,1869.0,75.57142857142857,781.4285714285714
2021-05-08,2461.0,68.0,71.3,737.0,2021-05-03,2022.142857142857,75.0,770.8571428571429
2021-05-09,1427.0,51.0,71.3,728.0,2021-05-03,2226.0,82.28571428571429,759.0
2021-05-10,1900.0,60.0,71.3,732.0,2021-05-10,2190.8571428571427,71.71428571428571,749.7142857142857
2021-05-11,3172.0,52.0,71.3,732.0,2021-05-10,2448.5714285714284,67.57142857142857,742.4285714285714
2021-05-12,2478.0,70.0,71.3,707.0,2021-05-10,2503.8571428571427,63.857142857142854,734.1428571428571
2021-05-13,2139.0,55.0,71.3,683.0,2021-05-10,2321.1428571428573,59.857142857142854,724.0
2021-05-14,2188.0,56.0,71.3,677.0,2021-05-10,2252.1428571428573,58.857142857142854,713.7142857142857
2021-05-15,1950.0,43.0,71.3,661.0,2021-05-10,2179.1428571428573,55.285714285714285,702.8571428571429
2021-05-16,1259.0,50.0,71.3,656.0,2021-05-10,2155.1428571428573,55.142857142857146,692.5714285714286
2021-05-17,1395.0,56.0,71.3,647.0,2021-05-17,2083.0,54.57142857142857,680.4285714285714
2021-05-18,2781.0,63.0,56.48,639.0,2021-05-17,2027.142857142857,56.142857142857146,667.1428571428571
2021-05-19,2292.0,53.0,56.48,642.0,2021-05-17,2000.5714285714287,53.714285714285715,657.8571428571429
2021-05-20,1886.0,54.0,56.48,626.0,2021-05-17,1964.4285714285713,53.57142857142857,649.7142857142857
2021-05-21,1982.0,56.0,56.48,617.0,2021-05-17,1935.0,53.57142857142857,641.1428571428571
2021-05-22,1503.0,37.0,56.48,586.0,2021-05-17,1871.142857142857,52.714285714285715,630.4285714285714
2021-05-23,875.0,38.0,56.48,569.0,2021-05-17,1816.2857142857142,51.0,618.0
2021-05-24,1377.0,50.0,56.48,563.0,2021-05-24,1813.7142857142858,50.142857142857146,606.0
2021-05-25,2402.0,50.0,62.04,556.0,2021-05-24,1759.5714285714287,48.285714285714285,594.1428571428571
2021-05-26,1511.0,44.0,62.04,547.0,2021-05-24,1648.0,47.0,580.5714285714286
2021-05-27,1876.0,39.0,62.04,540.0,2021-05-24,1646.5714285714287,44.857142857142854,568.2857142857143
2021-05-28,1928.0,40.0,62.04,521.0,2021-05-24,1638.857142857143,42.57142857142857,554.5714285714286
2021-05-29,1497.0,29.0,62.04,510.0,2021-05-24,1638.0,41.42857142857143,543.7142857142857
2021-05-30,906.0,30.0,62.04,497.0,2021-05-24,1642.4285714285713,40.285714285714285,533.4285714285714
2021-05-31,1005.0,41.0,62.04,481.0,2021-05-31,1589.2857142857142,39.0,521.7142857142857
2021-06-01,1857.0,27.0,62.04,482.0,2021-05-31,1511.4285714285713,35.714285714285715,511.14285714285717
2021-06-02,1379.0,23.0,62.04,486.0,2021-05-31,1492.5714285714287,32.714285714285715,502.42857142857144
2021-06-03,1209.0,39.0,62.04,476.0,2021-05-31,1397.2857142857142,32.714285714285715,493.2857142857143
2021-06-04,1106.0,34.0,62.04,445.0,2021-05-31,1279.857142857143,31.857142857142858,482.42857142857144
2021-06-05,932.0,35.0,62.04,416.0,2021-05-31,1199.142857142857,32.714285714285715,469.0
2021-06-06,579.0,24.0,62.04,398.0,2021-05-31,1152.4285714285713,31.857142857142858,454.85714285714283
2021-06-07,798.0,24.0,62.04,392.0,2021-06-07,1122.857142857143,29.428571428571427,442.14285714285717
2021-06-08,1368.0,30.0,45.37,381.0,2021-06-07,1053.0,29.857142857142858,427.7142857142857
2021-06-09,886.0,15.0,45.37,381.0,2021-06-07,982.5714285714286,28.714285714285715,412.7142857142857
2021-06-10,750.0,24.0,45.37,376.0,2021-06-07,917.0,26.571428571428573,398.42857142857144
2021-06-11,784.0,11.0,45.37,375.0,2021-06-07,871.0,23.285714285714285,388.42857142857144
2021-06-12,682.0,24.0,45.37,360.0,2021-06-07,835.2857142857143,21.714285714285715,380.42857142857144
2021-06-13,297.0,17.0,45.37,358.0,2021-06-07,795.0,20.714285714285715,374.7142857142857
2021-06-14,468.0,21.0,45.37,353.0,2021-06-14,747.8571428571429,20.285714285714285,369.14285714285717
2021-06-15,794.0,22.0,45.37,343.0,2021-06-14,665.8571428571429,19.142857142857142,363.7142857142857
2021-06-16,546.0,13.0,45.37,330.0,2021-06-14,617.2857142857143,18.857142857142858,356.42857142857144
2021-06-17,512.0,16.0,45.37,321.0,2021-06-14,583.2857142857143,17.714285714285715,348.57142857142856
2021-06-18,453.0,20.0,45.37,307.0,2021-06-14,536.0,19.0,338.85714285714283
2021-06-19,389.0,20.0,45.37,301.0,2021-06-14,494.14285714285717,18.428571428571427,330.42857142857144
2021-06-20,247.0,14.0,45.37,296.0,2021-06-14,487.0,18.0,321.57142857142856
2021-06-21,206.0,17.0,45.37,283.0,2021-06-21,449.57142857142856,17.428571428571427,311.57142857142856
2021-06-22,395.0,16.0,45.37,277.0,2021-06-21,392.57142857142856,16.571428571428573,302.14285714285717
2021-06-23,512.0,14.0,45.37,271.0,2021-06-21,387.7142857142857,16.714285714285715,293.7142857142857
2021-06-24,454.0,18.0,45.37,256.0,2021-06-21,379.42857142857144,17.0,284.42857142857144
2021-06-25,386.0,21.0,45.37,239.0,2021-06-21,369.85714285714283,17.142857142857142,274.7142857142857
2021-06-26,375.0,12.0,45.37,238.0,2021-06-21,367.85714285714283,16.0,265.7142857142857
2021-06-27,235.0,18.0,45.37,231.0,2021-06-21,366.14285714285717,16.571428571428573,256.42857142857144
2021-06-28,361.0,18.0,41.67,215.0,2021-06-28,388.2857142857143,16.714285714285715,246.71428571428572
2021-06-29,563.0,13.0,41.67,204.0,2021-06-28,412.2857142857143,16.285714285714285,236.28571428571428
2021-06-30,627.0,11.0,41.67,196.0,2021-06-28,428.7142857142857,15.857142857142858,225.57142857142858
2021-07-01,729.0,4.0,41.67,189.0,2021-06-28,468.0,13.857142857142858,216.0
2021-07-02,980.0,12.0,41.67,186.0,2021-06-28,552.8571428571429,12.571428571428571,208.42857142857142
2021-07-03,1182.0,9.0,41.67,177.0,2021-06-28,668.1428571428571,12.142857142857142,199.71428571428572
2021-07-04,617.0,6.0,41.67,177.0,2021-06-28,722.7142857142857,10.428571428571429,192.0
2021-07-05,999.0,6.0,41.67,173.0,2021-07-05,813.8571428571429,8.714285714285714,186.0
2021-07-06,2181.0,11.0,54.17,168.0,2021-07-05,1045.0,8.428571428571429,180.85714285714286
2021-07-07,1816.0,9.0,54.17,159.0,2021-07-05,1214.857142857143,8.142857142857142,175.57142857142858
2021-07-08,2061.0,10.0,54.17,153.0,2021-07-05,1405.142857142857,9.0,170.42857142857142
2021-07-09,1997.0,12.0,54.17,141.0,2021-07-05,1550.4285714285713,9.0,164.0
2021-07-10,2327.0,2.0,54.17,142.0,2021-07-05,1714.0,8.0,159.0
2021-07-11,1464.0,5.0,54.17,142.0,2021-07-05,1835.0,7.857142857142857,154.0
2021-07-12,2063.0,10.0,54.17,139.0,2021-07-12,1987.0,8.428571428571429,149.14285714285714
2021-07-13,3911.0,4.0,57.87,133.0,2021-07-12,2234.1428571428573,7.428571428571429,144.14285714285714
2021-07-14,2935.0,7.0,57.87,135.0,2021-07-12,2394.0,7.142857142857143,140.71428571428572
2021-07-15,2794.0,6.0,57.87,132.0,2021-07-12,2498.714285714286,6.571428571428571,137.71428571428572
2021-07-16,2688.0,14.0,57.87,123.0,2021-07-12,2597.4285714285716,6.857142857142857,135.14285714285714
2021-07-17,2554.0,7.0,57.87,124.0,2021-07-12,2629.8571428571427,7.571428571428571,132.57142857142858
2021-07-18,1558.0,10.0,57.87,123.0,2021-07-12,2643.285714285714,8.285714285714286,129.85714285714286
2021-07-19,1834.0,8.0,57.87,123.0,2021-07-19,2610.5714285714284,8.0,127.57142857142857
2021-07-20,4327.0,9.0,66.2,121.0,2021-07-19,2670.0,8.714285714285714,125.85714285714286
2021-07-21,2968.0,3.0,66.2,125.0,2021-07-19,2674.714285714286,8.142857142857142,124.42857142857143
2021-07-22,2601.0,5.0,66.2,126.0,2021-07-19,2647.1428571428573,8.0,123.57142857142857
2021-07-23,2852.0,7.0,66.2,130.0,2021-07-19,2670.5714285714284,7.0,124.57142857142857
2021-07-24,2472.0,8.0,66.2,133.0,2021-07-19,2658.8571428571427,7.142857142857143,125.85714285714286
2021-07-25,1553.0,8.0,66.2,134.0,2021-07-19,2658.1428571428573,6.857142857142857,127.42857142857143
2021-07-26,2056.0,5.0,66.2,147.0,2021-07-26,2689.8571428571427,6.428571428571429,130.85714285714286
2021-07-27,4170.0,8.0,66.2,142.0,2021-07-26,2667.4285714285716,6.285714285714286,133.85714285714286
2021-07-28,2870.0,15.0,66.2,144.0,2021-07-26,2653.4285714285716,8.0,136.57142857142858
2021-07-29,2694.0,9.0,66.2,157.0,2021-07-26,2666.714285714286,8.571428571428571,141.0
2021-07-30,2843.0,13.0,66.2,165.0,2021-07-26,2665.4285714285716,9.428571428571429,146.0
2021-07-31,2752.0,17.0,66.2,172.0,2021-07-26,2705.4285714285716,10.714285714285714,151.57142857142858
2021-08-01,1603.0,10.0,66.2,176.0,2021-07-26,2712.5714285714284,11.0,157.57142857142858
2021-08-02,2154.0,8.0,66.2,188.0,2021-08-02,2726.5714285714284,11.428571428571429,163.42857142857142
2021-08-03,3969.0,14.0,71.76,191.0,2021-08-02,2697.8571428571427,12.285714285714286,170.42857142857142
2021-08-04,2855.0,16.0,71.76,192.0,2021-08-02,2695.714285714286,12.428571428571429,177.28571428571428
2021-08-05,2787.0,13.0,71.76,192.0,2021-08-02,2709.0,13.0,182.28571428571428
2021-08-06,2924.0,22.0,71.76,191.0,2021-08-02,2720.5714285714284,14.285714285714286,186.0
2021-08-07,2746.0,10.0,71.76,198.0,2021-08-02,2719.714285714286,13.285714285714286,189.71428571428572
2021-08-08,1850.0,17.0,71.76,204.0,2021-08-02,2755.0,14.285714285714286,193.71428571428572
2021-08-09,2593.0,22.0,71.76,207.0,2021-08-09,2817.714285714286,16.285714285714285,196.42857142857142
2021-08-10,4614.0,21.0,77.31,219.0,2021-08-09,2909.8571428571427,17.285714285714285,200.42857142857142
2021-08-11,3472.0,20.0,77.31,226.0,2021-08-09,2998.0,17.857142857142858,205.28571428571428
2021-08-12,3603.0,20.0,77.31,240.0,2021-08-09,3114.5714285714284,18.857142857142858,212.14285714285714
2021-08-13,3493.0,24.0,77.31,235.0,2021-08-09,3195.8571428571427,19.142857142857142,218.42857142857142
2021-08-14,3270.0,24.0,77.31,236.0,2021-08-09,3270.714285714286,21.142857142857142,223.85714285714286
2021-08-15,1888.0,17.0,77.31,241.0,2021-08-09,3276.1428571428573,21.142857142857142,229.14285714285714
2021-08-16,2212.0,14.0,77.31,250.0,2021-08-16,3221.714285714286,20.0,235.28571428571428
2021-08-17,4412.0,16.0,77.31,258.0,2021-08-16,3192.8571428571427,19.285714285714285,240.85714285714286
2021-08-18,3437.0,25.0,77.31,282.0,2021-08-16,3187.8571428571427,20.0,248.85714285714286
2021-08-19,3273.0,20.0,77.31,286.0,2021-08-16,3140.714285714286,20.0,255.42857142857142
2021-08-20,3596.0,30.0,77.31,296.0,2021-08-16,3155.4285714285716,20.857142857142858,264.14285714285717
2021-08-21,3184.0,23.0,77.31,317.0,2021-08-16,3143.1428571428573,20.714285714285715,275.7142857142857
2021-08-22,1947.0,33.0,77.31,318.0,2021-08-16,3151.5714285714284,23.0,286.7142857142857
2021-08-23,2626.0,38.0,77.31,319.0,2021-08-23,3210.714285714286,26.428571428571427,296.57142857142856
2021-08-24,5000.0,44.0,79.17,326.0,2021-08-23,3294.714285714286,30.428571428571427,306.2857142857143
2021-08-25,3265.0,43.0,79.17,332.0,2021-08-23,3270.1428571428573,33.0,313.42857142857144
2021-08-26,3528.0,30.0,79.17,336.0,2021-08-23,3306.5714285714284,34.42857142857143,320.57142857142856
2021-08-27,3067.0,22.0,79.17,337.0,2021-08-23,3231.0,33.285714285714285,326.42857142857144
2021-08-28,3062.0,38.0,79.17,333.0,2021-08-23,3213.5714285714284,35.42857142857143,328.7142857142857
2021-08-29,1581.0,37.0,79.17,334.0,2021-08-23,3161.285714285714,36.0,331.0
2021-08-30,2343.0,20.0,79.17,338.0,2021-08-30,3120.8571428571427,33.42857142857143,333.7142857142857
2021-08-31,4306.0,35.0,79.17,344.0,2021-08-30,3021.714285714286,32.142857142857146,336.2857142857143
2021-09-01,2868.0,52.0,79.17,346.0,2021-08-30,2965.0,33.42857142857143,338.2857142857143
2021-09-02,2836.0,34.0,79.17,362.0,2021-08-30,2866.1428571428573,34.0,342.0
2021-09-03,2715.0,36.0,79.17,364.0,2021-08-30,2815.8571428571427,36.0,345.85714285714283
2021-09-04,2284.0,30.0,79.17,381.0,2021-08-30,2704.714285714286,34.857142857142854,352.7142857142857
2021-09-05,1284.0,43.0,79.17,381.0,2021-08-30,2662.285714285714,35.714285714285715,359.42857142857144
2021-09-06,1765.0,47.0,79.17,379.0,2021-09-06,2579.714285714286,39.57142857142857,365.2857142857143
2021-09-07,3442.0,38.0,79.17,388.0,2021-09-06,2456.285714285714,40.0,371.57142857142856
2021-09-08,2198.0,43.0,79.17,390.0,2021-09-06,2360.5714285714284,38.714285714285715,377.85714285714283
2021-09-09,2163.0,46.0,79.17,384.0,2021-09-06,2264.4285714285716,40.42857142857143,381.0
2021-09-10,2129.0,42.0,79.17,378.0,2021-09-06,2180.714285714286,41.285714285714285,383.0
2021-09-11,2190.0,39.0,79.17,375.0,2021-09-06,2167.285714285714,42.57142857142857,382.14285714285717
2021-09-12,1319.0,28.0,79.17,378.0,2021-09-06,2172.285714285714,40.42857142857143,381.7142857142857
2021-09-13,1608.0,54.0,79.17,379.0,2021-09-13,2149.8571428571427,41.42857142857143,381.7142857142857
2021-09-14,3590.0,45.0,79.17,369.0,2021-09-13,2171.0,42.42857142857143,379.0
2021-09-15,2406.0,43.0,79.17,364.0,2021-09-13,2200.714285714286,42.42857142857143,375.2857142857143
2021-09-16,2322.0,43.0,79.17,359.0,2021-09-13,2223.4285714285716,42.0,371.7142857142857
2021-09-17,2231.0,40.0,79.17,352.0,2021-09-13,2238.0,41.714285714285715,368.0
2021-09-18,2184.0,39.0,73.61,348.0,2021-09-13,2237.1428571428573,41.714285714285715,364.14285714285717
2021-09-19,1286.0,33.0,73.61,348.0,2021-09-13,2232.4285714285716,42.42857142857143,359.85714285714283
2021-09-20,2124.0,39.0,73.61,342.0,2021-09-20,2306.1428571428573,40.285714285714285,354.57142857142856
2021-09-21,3688.0,43.0,73.61,333.0,2021-09-20,2320.1428571428573,40.0,349.42857142857144
2021-09-22,2325.0,27.0,73.61,333.0,2021-09-20,2308.5714285714284,37.714285714285715,345.0
2021-09-23,2101.0,31.0,73.61,331.0,2021-09-20,2277.0,36.0,341.0
2021-09-24,2033.0,33.0,73.61,331.0,2021-09-20,2248.714285714286,35.0,338.0
2021-09-25,1814.0,16.0,73.61,333.0,2021-09-20,2195.8571428571427,31.714285714285715,335.85714285714283
2021-09-26,1100.0,24.0,73.61,337.0,2021-09-20,2169.285714285714,30.428571428571427,334.2857142857143
2021-09-27,2122.0,48.0,73.61,323.0,2021-09-27,2169.0,31.714285714285715,331.57142857142856
2021-09-28,3287.0,24.0,73.61,322.0,2021-09-27,2111.714285714286,29.0,330.0
2021-09-29,2157.0,44.0,73.61,323.0,2021-09-27,2087.714285714286,31.428571428571427,328.57142857142856
2021-09-30,2232.0,33.0,73.61,326.0,2021-09-27,2106.4285714285716,31.714285714285715,327.85714285714283
2021-10-01,2601.0,32.0,73.61,329.0,2021-09-27,2187.5714285714284,31.571428571428573,327.57142857142856
2021-10-02,1798.0,29.0,73.61,332.0,2021-09-27,2185.285714285714,33.42857142857143,327.42857142857144
2021-10-03,1142.0,31.0,73.61,332.0,2021-09-27,2191.285714285714,34.42857142857143,326.7142857142857
2021-10-04,2125.0,36.0,73.61,342.0,2021-10-04,2191.714285714286,32.714285714285715,329.42857142857144
2021-10-05,3084.0,35.0,73.61,334.0,2021-10-04,2162.714285714286,34.285714285714285,331.14285714285717
2021-10-06,2294.0,21.0,73.61,347.0,2021-10-04,2182.285714285714,31.0,334.57142857142856
2021-10-07,2229.0,30.0,73.61,335.0,2021-10-04,2181.8571428571427,30.571428571428573,335.85714285714283
2021-10-08,2277.0,27.0,73.61,334.0,2021-10-04,2135.5714285714284,29.857142857142858,336.57142857142856
2021-10-09,2162.0,36.0,73.61,331.0,2021-10-04,2187.5714285714284,30.857142857142858,336.42857142857144
2021-10-10,1320.0,30.0,73.61,333.0,2021-10-04,2213.0,30.714285714285715,336.57142857142856
2021-10-11,2358.0,42.0,73.61,331.0,2021-10-11,2246.285714285714,31.571428571428573,335.0
2021-10-12,3237.0,33.0,73.61,336.0,2021-10-11,2268.1428571428573,31.285714285714285,335.2857142857143
2021-10-13,2312.0,31.0,73.61,343.0,2021-10-11,2270.714285714286,32.714285714285715,334.7142857142857
2021-10-14,2572.0,48.0,73.61,347.0,2021-10-11,2319.714285714286,35.285714285714285,336.42857142857144
2021-10-15,2618.0,28.0,73.61,368.0,2021-10-11,2368.4285714285716,35.42857142857143,341.2857142857143
2021-10-16,2301.0,31.0,73.61,361.0,2021-10-11,2388.285714285714,34.714285714285715,345.57142857142856
2021-10-17,1689.0,27.0,73.61,357.0,2021-10-11,2441.0,34.285714285714285,349.0
2021-10-18,3147.0,43.0,73.61,347.0,2021-10-18,2553.714285714286,34.42857142857143,351.2857142857143
2021-10-19,3926.0,29.0,73.61,356.0,2021-10-18,2652.1428571428573,33.857142857142854,354.14285714285717
2021-10-20,3252.0,38.0,73.61,351.0,2021-10-18,2786.4285714285716,34.857142857142854,355.2857142857143
2021-10-21,3376.0,34.0,73.61,347.0,2021-10-18,2901.285714285714,32.857142857142854,355.2857142857143
2021-10-22,3541.0,36.0,73.61,348.0,2021-10-18,3033.1428571428573,34.0,352.42857142857144
2021-10-23,3155.0,43.0,73.61,353.0,2021-10-18,3155.1428571428573,35.714285714285715,351.2857142857143
2021-10-24,2075.0,30.0,73.61,365.0,2021-10-18,3210.285714285714,36.142857142857146,352.42857142857144
2021-10-25,3937.0,54.0,73.61,354.0,2021-10-25,3323.1428571428573,37.714285714285715,353.42857142857144
2021-10-26,4276.0,25.0,73.61,380.0,2021-10-25,3373.1428571428573,37.142857142857146,356.85714285714283
2021-10-27,3639.0,63.0,73.61,387.0,2021-10-25,3428.4285714285716,40.714285714285715,362.0
2021-10-28,2957.0,31.0,73.61,391.0,2021-10-25,3368.5714285714284,40.285714285714285,368.2857142857143
2021-10-29,3611.0,55.0,73.61,392.0,2021-10-25,3378.5714285714284,43.0,374.57142857142856
2021-10-30,4670.0,38.0,73.61,404.0,2021-10-25,3595.0,42.285714285714285,381.85714285714283
2021-10-31,2722.0,44.0,73.61,421.0,2021-10-25,3687.4285714285716,44.285714285714285,389.85714285714283
2021-11-01,5425.0,52.0,73.61,430.0,2021-11-01,3900.0,44.0,400.7142857142857
2021-11-02,6856.0,60.0,73.61,434.0,2021-11-01,4268.571428571428,49.0,408.42857142857144
2021-11-03,6141.0,59.0,73.61,431.0,2021-11-01,4626.0,48.42857142857143,414.7142857142857
2021-11-04,6784.0,42.0,73.61,441.0,2021-11-01,5172.714285714285,50.0,421.85714285714283
2021-11-05,6889.0,49.0,73.61,450.0,2021-11-01,5641.0,49.142857142857146,430.14285714285717
2021-11-06,6356.0,43.0,73.61,459.0,2021-11-01,5881.857142857143,49.857142857142854,438.0
2021-11-07,4283.0,52.0,73.61,470.0,2021-11-01,6104.857142857143,51.0,445.0
2021-11-08,7335.0,66.0,73.61,477.0,2021-11-08,6377.714285714285,53.0,451.7142857142857
2021-11-09,8969.0,53.0,73.61,486.0,2021-11-08,6679.571428571428,52.0,459.14285714285717
2021-11-10,7089.0,79.0,73.61,489.0,2021-11-08,6815.0,54.857142857142854,467.42857142857144
2021-11-11,6771.0,67.0,73.61,503.0,2021-11-08,6813.142857142857,58.42857142857143,476.2857142857143
2021-11-12,6832.0,56.0,73.61,508.0,2021-11-08,6805.0,59.42857142857143,484.57142857142856
2021-11-13,6132.0,70.0,73.61,530.0,2021-11-08,6773.0,63.285714285714285,494.7142857142857
2021-11-14,3842.0,80.0,73.61,536.0,2021-11-08,6710.0,67.28571428571429,504.14285714285717
2021-11-15,6950.0,72.0,73.61,551.0,2021-11-15,6655.0,68.14285714285714,514.7142857142857
2021-11-16,8364.0,85.0,73.61,547.0,2021-11-15,6568.571428571428,72.71428571428571,523.4285714285714
2021-11-17,6653.0,89.0,73.61,561.0,2021-11-15,6506.285714285715,74.14285714285714,533.7142857142857
2021-11-18,7276.0,63.0,73.61,556.0,2021-11-15,6578.428571428572,73.57142857142857,541.2857142857143
2021-11-19,7751.0,93.0,73.61,575.0,2021-11-15,6709.714285714285,78.85714285714286,550.8571428571429
2021-11-20,5944.0,69.0,73.61,594.0,2021-11-15,6682.857142857143,78.71428571428571,560.0
2021-11-21,4108.0,76.0,73.61,590.0,2021-11-15,6720.857142857143,78.14285714285714,567.7142857142857
2021-11-22,7287.0,112.0,73.61,608.0,2021-11-22,6769.0,83.85714285714286,575.8571428571429
2021-11-23,8348.0,92.0,73.61,597.0,2021-11-22,6766.714285714285,84.85714285714286,583.0
2021-11-24,7106.0,95.0,73.61,612.0,2021-11-22,6831.428571428572,85.71428571428571,590.2857142857143
2021-11-25,6561.0,81.0,73.61,621.0,2021-11-22,6729.285714285715,88.28571428571429,599.5714285714286
2021-11-26,6602.0,86.0,73.61,630.0,2021-11-22,6565.142857142857,87.28571428571429,607.4285714285714
2021-11-27,5859.0,82.0,73.61,641.0,2021-11-22,6553.0,89.14285714285714,614.1428571428571
2021-11-28,3823.0,98.0,73.61,647.0,2021-11-22,6512.285714285715,92.28571428571429,622.2857142857143
2021-11-29,6677.0,108.0,73.61,657.0,2021-11-29,6425.142857142857,91.71428571428571,629.2857142857143
2021-11-30,7720.0,90.0,73.61,664.0,2021-11-29,6335.428571428572,91.42857142857143,638.8571428571429
2021-12-01,6192.0,77.0,79.17,690.0,2021-11-29,6204.857142857143,88.85714285714286,650.0
2021-12-02,6256.0,91.0,79.17,704.0,2021-11-29,6161.285714285715,90.28571428571429,661.8571428571429
2021-12-03,6201.0,102.0,79.17,694.0,2021-11-29,6104.0,92.57142857142857,671.0
2021-12-04,5143.0,89.0,79.17,697.0,2021-11-29,6001.714285714285,93.57142857142857,679.0
2021-12-05,3526.0,79.0,79.17,715.0,2021-11-29,5959.285714285715,90.85714285714286,688.7142857142857
2021-12-06,4927.0,121.0,79.17,714.0,2021-12-06,5709.285714285715,92.71428571428571,696.8571428571429
2021-12-07,7254.0,99.0,79.17,697.0,2021-12-06,5642.714285714285,94.0,701.5714285714286
2021-12-08,5899.0,86.0,79.17,709.0,2021-12-06,5600.857142857143,95.28571428571429,704.2857142857143
2021-12-09,5513.0,81.0,79.17,708.0,2021-12-06,5494.714285714285,93.85714285714286,704.8571428571429
2021-12-10,5087.0,103.0,79.17,702.0,2021-12-06,5335.571428571428,94.0,706.0
2021-12-11,4751.0,72.0,79.17,705.0,2021-12-06,5279.571428571428,91.57142857142857,707.1428571428571
2021-12-12,3225.0,91.0,79.17,708.0,2021-12-06,5236.571428571428,93.28571428571429,706.1428571428571
2021-12-13,3829.0,97.0,79.17,709.0,2021-12-13,5079.714285714285,89.85714285714286,705.4285714285714
2021-12-14,5953.0,130.0,79.17,700.0,2021-12-13,4893.857142857143,94.28571428571429,705.8571428571429
2021-12-15,4786.0,78.0,79.17,683.0,2021-12-13,4734.857142857143,93.14285714285714,702.1428571428571
2021-12-16,4696.0,98.0,79.17,692.0,2021-12-13,4618.142857142857,95.57142857142857,699.8571428571429
2021-12-17,4761.0,85.0,79.17,684.0,2021-12-13,4571.571428571428,93.0,697.2857142857143
2021-12-18,4337.0,63.0,79.17,684.0,2021-12-13,4512.428571428572,91.71428571428571,694.2857142857143
2021-12-19,2831.0,92.0,79.17,662.0,2021-12-13,4456.142857142857,91.85714285714286,687.7142857142857
2021-12-20,3689.0,85.0,79.17,670.0,2021-12-20,4436.142857142857,90.14285714285714,682.1428571428571
2021-12-21,6542.0,79.0,79.17,661.0,2021-12-20,4520.285714285715,82.85714285714286,676.5714285714286
2021-12-22,5635.0,71.0,79.17,665.0,2021-12-20,4641.571428571428,81.85714285714286,674.0
2021-12-23,6647.0,72.0,79.17,655.0,2021-12-20,4920.285714285715,78.14285714285714,668.7142857142857
2021-12-24,7660.0,94.0,79.17,624.0,2021-12-20,5334.428571428572,79.42857142857143,660.1428571428571
2021-12-25,6590.0,58.0,79.17,617.0,2021-12-20,5656.285714285715,78.71428571428571,650.5714285714286
2021-12-26,4036.0,79.0,79.17,624.0,2021-12-20,5828.428571428572,76.85714285714286,645.1428571428571
2021-12-27,9284.0,67.0,79.17,629.0,2021-12-27,6627.714285714285,74.28571428571429,639.2857142857143
2021-12-28,21732.0,61.0,77.78,635.0,2021-12-27,8797.714285714286,71.71428571428571,635.5714285714286
2021-12-29,28828.0,79.0,77.78,620.0,2021-12-27,12111.0,72.85714285714286,629.1428571428571
2021-12-30,35580.0,72.0,77.78,636.0,2021-12-27,16244.285714285714,72.85714285714286,626.4285714285714
2021-12-31,40560.0,82.0,77.78,627.0,2021-12-27,20944.285714285714,71.14285714285714,626.8571428571429
2022-01-01,30009.0,59.0,,620.0,2021-12-27,24289.85714285714,71.28571428571429,627.2857142857143
2022-01-02,17633.0,61.0,,626.0,2021-12-27,26232.285714285714,68.71428571428571,627.5714285714286
2022-01-03,36246.0,80.0,,615.0,2022-01-03,30084.0,70.57142857142857,625.5714285714286
2022-01-04,50182.0,63.0,,619.0,2022-01-03,34148.28571428572,70.85714285714286,623.2857142857143
2022-01-05,43386.0,62.0,,628.0,2022-01-03,36228.0,68.42857142857143,624.4285714285714
2022-01-06,33711.0,70.0,,639.0,2022-01-03,35961.0,68.14285714285714,624.8571428571429
2022-01-07,29334.0,78.0,,632.0,2022-01-03,34357.28571428572,67.57142857142857,625.5714285714286
2022-01-08,37670.0,65.0,,634.0,2022-01-03,35451.71428571428,68.42857142857143,627.5714285714286
2022-01-09,18592.0,66.0,,642.0,2022-01-03,35588.71428571428,69.14285714285714,629.8571428571429
2022-01-10,27766.0,85.0,,654.0,2022-01-10,34377.28571428572,69.85714285714286,635.4285714285714
2022-01-11,32833.0,80.0,,640.0,2022-01-10,31898.85714285714,72.28571428571429,638.4285714285714
2022-01-12,24245.0,78.0,,670.0,2022-01-10,29164.428571428572,74.57142857142857,644.4285714285714
2022-01-13,20409.0,95.0,,664.0,2022-01-10,27264.14285714286,78.14285714285714,648.0
2022-01-14,19772.0,77.0,,679.0,2022-01-10,25898.14285714286,78.0,654.7142857142857
2022-01-15,17447.0,79.0,,686.0,2022-01-10,23009.14285714286,80.0,662.1428571428571
2022-01-16,10783.0,96.0,,680.0,2022-01-10,21893.571428571428,84.28571428571429,667.5714285714286
2022-01-17,18834.0,103.0,,672.0,2022-01-17,20617.571428571428,86.85714285714286,670.1428571428571
2022-01-18,23691.0,110.0,,673.0,2022-01-17,19311.571428571428,91.14285714285714,674.8571428571429
2022-01-19,20100.0,88.0,,683.0,2022-01-17,18719.428571428572,92.57142857142857,676.7142857142857
2022-01-20,18867.0,81.0,,688.0,2022-01-17,18499.14285714286,90.57142857142857,680.1428571428571
2022-01-21,20507.0,110.0,,679.0,2022-01-17,18604.14285714286,95.28571428571429,680.1428571428571
2022-01-22,18333.0,73.0,,668.0,2022-01-17,18730.714285714286,94.42857142857143,677.5714285714286
2022-01-23,12108.0,86.0,,665.0,2022-01-17,18920.0,93.0,675.4285714285714
2022-01-24,19073.0,113.0,,655.0,2022-01-24,18954.14285714286,94.42857142857143,673.0
2022-01-25,17879.0,104.0,,653.0,2022-01-24,18123.85714285714,93.57142857142857,670.1428571428571
2022-01-26,17960.0,118.0,,646.0,2022-01-24,17818.14285714286,97.85714285714286,664.8571428571429
2022-01-27,19712.0,113.0,,633.0,2022-01-24,17938.85714285714,102.42857142857143,657.0
2022-01-28,22361.0,112.0,,605.0,2022-01-24,18203.714285714286,102.71428571428571,646.4285714285714
2022-01-29,19584.0,80.0,,583.0,2022-01-24,18382.428571428572,103.71428571428571,634.2857142857143
2022-01-30,11112.0,97.0,,571.0,2022-01-24,18240.14285714286,105.28571428571429,620.8571428571429
2022-01-31,19731.0,128.0,,576.0,2022-01-31,18334.14285714286,107.42857142857143,609.5714285714286
2022-02-01,24996.0,108.0,,563.0,2022-01-31,19350.85714285714,108.0,596.7142857142857
2022-02-02,18825.0,113.0,,561.0,2022-01-31,19474.428571428572,107.28571428571429,584.5714285714286
2022-02-03,17662.0,112.0,,568.0,2022-01-31,19181.571428571428,107.14285714285714,575.2857142857143
2022-02-04,18640.0,94.0,,564.0,2022-01-31,18650.0,104.57142857142857,569.4285714285714
2022-02-05,16023.0,72.0,,567.0,2022-01-31,18141.285714285714,103.42857142857143,567.1428571428571
2022-02-06,10980.0,95.0,,551.0,2022-01-31,18122.428571428572,103.14285714285714,564.2857142857143
2022-02-07,18847.0,116.0,,549.0,2022-02-07,17996.14285714286,101.42857142857143,560.4285714285714
2022-02-08,23687.0,112.0,,524.0,2022-02-07,17809.14285714286,102.0,554.8571428571429
2022-02-09,19616.0,88.0,,515.0,2022-02-07,17922.14285714286,98.42857142857143,548.2857142857143
2022-02-10,19154.0,97.0,,516.0,2022-02-07,18135.285714285714,96.28571428571429,540.8571428571429
2022-02-11,17645.0,102.0,,512.0,2022-02-07,17993.14285714286,97.42857142857143,533.4285714285714
2022-02-12,16442.0,70.0,,507.0,2022-02-07,18053.0,97.14285714285714,524.8571428571429
2022-02-13,10853.0,75.0,,499.0,2022-02-07,18034.85714285714,94.28571428571429,517.4285714285714
2022-02-14,20360.0,82.0,,494.0,2022-02-14,18251.0,89.42857142857143,509.57142857142856
2022-02-15,21958.0,81.0,,489.0,2022-02-14,18004.0,85.0,504.57142857142856
2022-02-16,19509.0,84.0,,485.0,2022-02-14,17988.714285714286,84.42857142857143,500.2857142857143
2022-02-17,19501.0,94.0,,484.0,2022-02-14,18038.285714285714,84.0,495.7142857142857
2022-02-18,18604.0,88.0,,470.0,2022-02-14,18175.285714285714,82.0,489.7142857142857
2022-02-19,15305.0,77.0,,463.0,2022-02-14,18012.85714285714,83.0,483.42857142857144
2022-02-20,9596.0,67.0,,471.0,2022-02-14,17833.285714285714,81.85714285714286,479.42857142857144
2022-02-21,18088.0,90.0,,460.0,2022-02-21,17508.714285714286,83.0,474.57142857142856
2022-02-22,19601.0,68.0,,455.0,2022-02-21,17172.0,81.14285714285714,469.7142857142857
2022-02-23,16962.0,53.0,,459.0,2022-02-21,16808.14285714286,76.71428571428571,466.0
2022-02-24,15819.0,65.0,,454.0,2022-02-21,16282.142857142857,72.57142857142857,461.7142857142857
2022-02-25,15908.0,65.0,,433.0,2022-02-21,15897.0,69.28571428571429,456.42857142857144
2022-02-26,11883.0,51.0,,425.0,2022-02-21,15408.142857142857,65.57142857142857,451.0
2022-02-27,8214.0,66.0,,417.0,2022-02-21,15210.714285714286,65.42857142857143,443.2857142857143
2022-02-28,16263.0,75.0,,413.0,2022-02-28,14950.0,63.285714285714285,436.57142857142856
2022-03-01,17208.0,54.0,,408.0,2022-02-28,14608.142857142857,61.285714285714285,429.85714285714283
2022-03-02,15557.0,58.0,,399.0,2022-02-28,14407.42857142857,62.0,421.2857142857143
2022-03-03,15783.0,64.0,,393.0,2022-02-28,14402.285714285714,61.857142857142854,412.57142857142856
2022-03-04,16050.0,56.0,,389.0,2022-02-28,14422.57142857143,60.57142857142857,406.2857142857143
2022-03-05,12997.0,51.0,,384.0,2022-02-28,14581.714285714286,60.57142857142857,400.42857142857144
2022-03-06,9213.0,51.0,,376.0,2022-02-28,14724.42857142857,58.42857142857143,394.57142857142856
2022-03-07,8639.0,52.0,,370.0,2022-03-07,13635.285714285714,55.142857142857146,388.42857142857144
2022-03-08,21057.0,57.0,,365.0,2022-03-07,14185.142857142857,55.57142857142857,382.2857142857143
2022-03-09,23335.0,63.0,,360.0,2022-03-07,15296.285714285714,56.285714285714285,376.7142857142857
2022-03-10,21863.0,58.0,,359.0,2022-03-07,16164.857142857143,55.42857142857143,371.85714285714283
2022-03-11,21260.0,49.0,,361.0,2022-03-07,16909.14285714286,54.42857142857143,367.85714285714283
2022-03-12,19002.0,40.0,,363.0,2022-03-07,17767.0,52.857142857142854,364.85714285714283
2022-03-13,11986.0,49.0,,356.0,2022-03-07,18163.14285714286,52.57142857142857,362.0
2022-03-14,22682.0,73.0,,364.0,2022-03-14,20169.285714285714,55.57142857142857,361.14285714285717
2022-03-15,26620.0,51.0,,358.0,2022-03-14,20964.0,54.714285714285715,360.14285714285717
2022-03-16,23694.0,44.0,,354.0,2022-03-14,21015.285714285714,52.0,359.2857142857143
2022-03-17,24256.0,62.0,,348.0,2022-03-14,21357.14285714286,52.57142857142857,357.7142857142857
2022-03-18,23621.0,55.0,,354.0,2022-03-14,21694.428571428572,53.42857142857143,356.7142857142857
2022-03-19,19705.0,46.0,,349.0,2022-03-14,21794.85714285714,54.285714285714285,354.7142857142857
2022-03-20,12462.0,44.0,,346.0,2022-03-14,21862.85714285714,53.57142857142857,353.2857142857143
2022-03-21,23528.0,58.0,,337.0,2022-03-21,21983.714285714286,51.42857142857143,349.42857142857144
2022-03-22,26709.0,34.0,,342.0,2022-03-21,21996.428571428572,49.0,347.14285714285717
2022-03-23,23102.0,54.0,,338.0,2022-03-21,21911.85714285714,50.42857142857143,344.85714285714283
2022-03-24,22107.0,42.0,,344.0,2022-03-21,21604.85714285714,47.57142857142857,344.2857142857143
2022-03-25,16234.0,35.0,,346.0,2022-03-21,20549.571428571428,44.714285714285715,343.14285714285717
2022-03-26,16558.0,56.0,,341.0,2022-03-21,20100.0,46.142857142857146,342.0
2022-03-27,13429.0,52.0,,342.0,2022-03-21,20238.14285714286,47.285714285714285,341.42857142857144
2022-03-28,27489.0,73.0,,342.0,2022-03-28,20804.0,49.42857142857143,342.14285714285717
2022-03-29,29072.0,51.0,,351.0,2022-03-28,21141.571428571428,51.857142857142854,343.42857142857144
2022-03-30,22451.0,62.0,,348.0,2022-03-28,21048.571428571428,53.0,344.85714285714283
2022-03-31,21096.0,56.0,,355.0,2022-03-28,20904.14285714286,55.0,346.42857142857144
2022-04-01,21102.0,61.0,,351.0,2022-03-28,21599.571428571428,58.714285714285715,347.14285714285717
2022-04-02,15823.0,52.0,,357.0,2022-03-28,21494.571428571428,58.142857142857146,349.42857142857144
2022-04-03,10357.0,61.0,,356.0,2022-03-28,21055.714285714286,59.42857142857143,351.42857142857144
2022-04-04,18424.0,62.0,,365.0,2022-04-04,19760.714285714286,57.857142857142854,354.7142857142857
2022-04-05,18456.0,70.0,,358.0,2022-04-04,18244.14285714286,60.57142857142857,355.7142857142857
2022-04-06,12265.0,76.0,,358.0,2022-04-04,16789.0,62.57142857142857,357.14285714285717
2022-04-07,10858.0,76.0,,359.0,2022-04-04,15326.42857142857,65.42857142857143,357.7142857142857
2022-04-08,14763.0,57.0,,360.0,2022-04-04,14420.857142857143,64.85714285714286,359.0
2022-04-09,12518.0,51.0,,361.0,2022-04-04,13948.714285714286,64.71428571428571,359.57142857142856
2022-04-10,8635.0,54.0,,357.0,2022-04-04,13702.714285714286,63.714285714285715,359.7142857142857
2022-04-11,6926.0,75.0,,359.0,2022-04-11,12060.142857142857,65.57142857142857,358.85714285714283
2022-04-12,15331.0,69.0,,356.0,2022-04-11,11613.714285714286,65.42857142857143,358.57142857142856
2022-04-13,11061.0,70.0,,345.0,2022-04-11,11441.714285714286,64.57142857142857,356.7142857142857
2022-04-14,9308.0,62.0,,334.0,2022-04-11,11220.285714285714,62.57142857142857,353.14285714285717
2022-04-15,8223.0,82.0,,329.0,2022-04-11,10286.0,66.14285714285714,348.7142857142857
2022-04-16,8017.0,49.0,,322.0,2022-04-11,9643.0,65.85714285714286,343.14285714285717
2022-04-17,5673.0,51.0,,313.0,2022-04-11,9219.857142857143,65.42857142857143,336.85714285714283
2022-04-18,3868.0,64.0,,307.0,2022-04-18,8783.0,63.857142857142854,329.42857142857144
2022-04-19,10211.0,49.0,,298.0,2022-04-18,8051.571428571428,61.0,321.14285714285717
2022-04-20,7365.0,64.0,,291.0,2022-04-18,7523.571428571428,60.142857142857146,313.42857142857144
2022-04-21,6755.0,43.0,,284.0,2022-04-18,7158.857142857143,57.42857142857143,306.2857142857143
2022-04-22,7014.0,31.0,,278.0,2022-04-18,6986.142857142857,50.142857142857146,299.0
2022-04-23,4175.0,28.0,,277.0,2022-04-18,6437.285714285715,47.142857142857146,292.57142857142856
2022-04-24,0.0,0.0,,277.0,2022-04-18,5626.857142857143,39.857142857142854,287.42857142857144
2022-04-25,8413.0,66.0,,279.0,2022-04-25,6276.142857142857,40.142857142857146,283.42857142857144
2022-04-26,4925.0,43.0,,267.0,2022-04-25,5521.0,39.285714285714285,279.0
2022-04-27,11487.0,46.0,,267.0,2022-04-25,6109.857142857143,36.714285714285715,275.57142857142856
2022-04-28,7580.0,51.0,,260.0,2022-04-25,6227.714285714285,37.857142857142854,272.14285714285717
2022-04-29,7463.0,41.0,,244.0,2022-04-25,6291.857142857143,39.285714285714285,267.2857142857143
2022-04-30,6497.0,39.0,,239.0,2022-04-25,6623.571428571428,40.857142857142854,261.85714285714283
2022-05-01,4701.0,22.0,,238.0,2022-04-25,7295.142857142857,44.0,256.2857142857143
2022-05-02,2665.0,30.0,,235.0,2022-05-02,6474.0,38.857142857142854,250.0
2022-05-03,4262.0,44.0,,240.0,2022-05-02,6379.285714285715,39.0,246.14285714285714
2022-05-04,8015.0,35.0,,231.0,2022-05-02,5883.285714285715,37.42857142857143,241.0
2022-05-05,5191.0,31.0,,224.0,2022-05-02,5542.0,34.57142857142857,235.85714285714286
2022-05-06,5130.0,34.0,,211.0,2022-05-02,5208.714285714285,33.57142857142857,231.14285714285714
2022-05-07,4698.0,20.0,,210.0,2022-05-02,4951.714285714285,30.857142857142858,227.0
2022-05-08,3195.0,23.0,,204.0,2022-05-02,4736.571428571428,31.0,222.14285714285714
2022-05-09,2819.0,25.0,,198.0,2022-05-09,4758.571428571428,30.285714285714285,216.85714285714286
2022-05-10,6453.0,27.0,,196.0,2022-05-09,5071.571428571428,27.857142857142858,210.57142857142858
2022-05-11,4761.0,27.0,,185.0,2022-05-09,4606.714285714285,26.714285714285715,204.0
2022-05-12,4782.0,20.0,,180.0,2022-05-09,4548.285714285715,25.142857142857142,197.71428571428572
2022-05-13,4388.0,30.0,,178.0,2022-05-09,4442.285714285715,24.571428571428573,193.0
2022-05-14,4324.0,15.0,,173.0,2022-05-09,4388.857142857143,23.857142857142858,187.71428571428572
2022-05-15,3269.0,11.0,,176.0,2022-05-09,4399.428571428572,22.142857142857142,183.71428571428572
2022-05-16,3066.0,29.0,,171.0,2022-05-16,4434.714285714285,22.714285714285715,179.85714285714286
2022-05-17,6286.0,23.0,,167.0,2022-05-16,4410.857142857143,22.142857142857142,175.71428571428572
2022-05-18,4626.0,20.0,,161.0,2022-05-16,4391.571428571428,21.142857142857142,172.28571428571428
2022-05-19,3928.0,23.0,,160.0,2022-05-16,4269.571428571428,21.571428571428573,169.42857142857142
2022-05-20,3708.0,16.0,,,2022-05-16,4172.428571428572,19.571428571428573,168.0
2022-05-21,3424.0,21.0,,,2022-05-16,4043.8571428571427,20.428571428571427,167.0
2022-05-22,2385.0,11.0,,,2022-05-16,3917.5714285714284,20.428571428571427,164.75
