date,Exports_Euro,Exports_KG,Imports_Euro,Imports_KG,Total_Trade_Euro,Trade_Balance_Euro,Exports_Euro_6m_avg,Exports_Euro_12m_avg,Imports_Euro_6m_avg,Imports_Euro_12m_avg,Total_Trade_Euro_6m_avg,Total_Trade_Euro_12m_avg,Trade_Balance_Euro_6m_avg,Trade_Balance_Euro_12m_avg
2002-01-01,917871098.0,1461188500.0,2769425250.0,4324927400.0,3687296348.0,-1851554152.0,917871098.0,917871098.0,2769425250.0,2769425250.0,3687296348.0,3687296348.0,-1851554152.0,-1851554152.0
2002-02-01,991519882.0,1479659100.0,2958767604.0,4059099700.0,3950287486.0,-1967247722.0,954695490.0,954695490.0,2864096427.0,2864096427.0,3818791917.0,3818791917.0,-1909400937.0,-1909400937.0
2002-03-01,1085284972.0,1707942100.0,3174689875.0,3331511400.0,4259974847.0,-2089404903.0,998225317.3333334,998225317.3333334,2967627576.3333335,2967627576.3333335,3965852893.6666665,3965852893.6666665,-1969402259.0,-1969402259.0
2002-04-01,1140177330.0,1790624700.0,3287837145.0,3675388000.0,4428014475.0,-2147659815.0,1033713320.5,1033713320.5,3047679968.5,3047679968.5,4081393289.0,4081393289.0,-2013966648.0,-2013966648.0
2002-05-01,1052224227.0,1741112800.0,3221478379.0,3403748300.0,4273702606.0,-2169254152.0,1037415501.8,1037415501.8,3082439650.6,3082439650.6,4119855152.4,4119855152.4,-2045024148.8,-2045024148.8
2002-06-01,968082408.0,1551998400.0,2936234882.0,3241929400.0,3904317290.0,-1968152474.0,1025859986.1666666,1025859986.1666666,3058072189.1666665,3058072189.1666665,4083932175.3333335,4083932175.3333335,-2032212203.0,-2032212203.0
2002-07-01,1150057187.0,1690481500.0,3517206537.0,4026141700.0,4667263724.0,-2367149350.0,1064557667.6666666,1043602443.4285715,3182702403.6666665,3123662810.285714,4247260071.3333335,4167265253.714286,-2118144736.0,-2080060366.857143
2002-08-01,779959777.0,1384285400.0,2481783379.0,3309057600.0,3261743156.0,-1701823602.0,1029297650.1666666,1010647110.125,3103205032.8333335,3043427881.375,4132502683.0,4054074991.5,-2073907382.6666667,-2032780771.25
2002-09-01,954237060.0,1375125800.0,3412864320.0,3148664700.0,4367101380.0,-2458627260.0,1007456331.5,1004379326.7777778,3142900773.6666665,3084476374.5555553,4150357105.1666665,4088855701.3333335,-2135444442.1666667,-2080097047.7777777
2002-10-01,998093426.0,1286292000.0,3566590036.0,3657637100.0,4564683462.0,-2568496610.0,983775680.8333334,1003750736.7,3189359588.8333335,3132687740.7,4173135269.6666665,4136438477.4,-2205583908.0,-2128937004.0
2002-11-01,1046418472.0,1240691600.0,3416517456.0,4058073400.0,4462935928.0,-2370098984.0,982808055.0,1007629621.7272727,3221866101.6666665,3158490442.090909,4204674156.6666665,4166120063.818182,-2239058046.6666665,-2150860820.3636365
2002-12-01,1037425231.0,1835640500.0,3722308570.0,4488509200.0,4759733801.0,-2684883339.0,994365192.1666666,1010112589.1666666,3352878383.0,3205475286.0833335,4347243575.166667,4215587875.25,-2358513190.8333335,-2195362696.9166665
2003-01-01,979171093.0,1377501900.0,3349794754.0,4264246900.0,4328965847.0,-2370623661.0,965884176.5,1015220922.0833334,3324976419.1666665,3253839411.4166665,4290860595.6666665,4269060333.5,-2359092242.6666665,-2238618489.3333335
2003-02-01,1076468492.0,1590083500.0,3403852079.0,3714590500.0,4480320571.0,-2327383587.0,1015302295.6666666,1022299972.9166666,3478654535.8333335,3290929784.3333335,4493956831.5,4313229757.25,-2463352240.1666665,-2268629811.4166665
2003-03-01,1105161245.0,1355085600.0,3797972638.0,3746163500.0,4903133883.0,-2692811393.0,1040456326.5,1023956329.0,3542839255.5,3342870014.5833335,4583295582.0,4366826343.583333,-2502382929.0,-2318913685.5833335
2003-04-01,1082541572.0,1704086600.0,3494369195.0,4582628200.0,4576910767.0,-2411827623.0,1054531017.5,1019153349.1666666,3530802448.6666665,3360081018.75,4585333466.166667,4379234367.916667,-2476271431.1666665,-2340927669.5833335
2003-05-01,1034849443.0,1562019200.0,3520685103.0,4084263400.0,4555534546.0,-2485835660.0,1052602846.0,1017705450.5,3548163723.1666665,3385014912.4166665,4600766569.166667,4402720362.916667,-2495560877.1666665,-2367309461.9166665
2003-06-01,1036474014.0,1507690000.0,3483648426.0,3397877400.0,4520122440.0,-2447174412.0,1052444309.8333334,1023404751.0,3508387032.5,3430632707.75,4560831342.333333,4454037458.75,-2455942722.6666665,-2407227956.75
2003-07-01,1112462528.0,1594269600.0,3389891945.0,3797750800.0,4502354473.0,-2277429417.0,1074659549.0,1020271862.75,3515069897.6666665,3420023158.4166665,4589729446.666667,4440295021.166667,-2440410348.6666665,-2399751295.6666665
2003-08-01,823280844.0,1562267600.0,2603131125.0,3655059300.0,3426411969.0,-1779850281.0,1032461607.6666666,1023881951.6666666,3381616405.3333335,3430135470.5833335,4414078013.0,4454017422.25,-2349154797.6666665,-2406253518.9166665
2003-09-01,1090389369.0,1658279100.0,4261289584.0,4538666300.0,5351678953.0,-3170900215.0,1029999628.3333334,1035227977.4166666,3458835896.3333335,3500837575.9166665,4488835524.666667,4536065553.333333,-2428836268.0,-2465609598.5
2003-10-01,1106954301.0,1617040400.0,3709187352.0,4211349900.0,4816141653.0,-2602233051.0,1034068416.5,1044299717.0,3494638922.5,3512720685.5833335,4528707339.0,4557020402.583333,-2460570506.0,-2468420968.5833335
2003-11-01,1014899152.0,1465539100.0,3518129315.0,3633583100.0,4533028467.0,-2503230163.0,1030743368.0,1041673107.0,3494212957.8333335,3521188340.5,4524956325.833333,4562861447.5,-2463469589.8333335,-2479515233.5
2003-12-01,1053958119.0,1468105400.0,3943534171.0,4293942700.0,4997492290.0,-2889576052.0,1033657385.5,1043050847.6666666,3570860582.0,3539623807.25,4604517967.5,4582674654.916667,-2537203196.5,-2496572959.5833335
2004-01-01,932419309.0,1264724200.0,3237698492.0,3963920400.0,4170117801.0,-2305279183.0,1003650182.3333334,1039154865.6666666,3545495006.5,3530282452.0833335,4549145188.833333,4569437317.75,-2541844824.1666665,-2491127586.4166665
2004-02-01,908987015.0,1183489100.0,3468499023.0,3848259000.0,4377486038.0,-2559512008.0,1017934544.1666666,1025198075.9166666,3689722989.5,3535669697.4166665,4707657533.666667,4560867773.333333,-2671788445.3333335,-2510471621.5
2004-03-01,1149609216.0,1414700400.0,4241613634.0,4662013500.0,5391222850.0,-3092004418.0,1027804518.6666666,1028902073.5,3686443664.5,3572639780.4166665,4714248183.166667,4601541853.916667,-2658639145.8333335,-2543737706.9166665
2004-04-01,1109934540.0,1720574900.0,3701932705.0,4056160500.0,4811867245.0,-2591998165.0,1028301225.1666666,1031184820.8333334,3685234556.6666665,3589936739.5833335,4713535781.833333,4621121560.416667,-2656933331.5,-2558751918.75
2004-05-01,1056937427.0,1525625900.0,4037313428.0,4038420500.0,5094250855.0,-2980376001.0,1035307604.3333334,1033025486.1666666,3771765242.1666665,3632989100.0,4807072846.5,4666014586.166667,-2736457637.8333335,-2599963613.8333335
2004-06-01,1234916114.0,1863585300.0,4042772946.0,3824706800.0,5277689060.0,-2807856832.0,1065467270.1666666,1049562327.8333334,3788305038.0,3679582810.0,4853772308.166667,4729145137.833333,-2722837767.8333335,-2630020482.1666665
2004-07-01,1233698495.0,1721653400.0,3919259966.0,4113683900.0,5152958461.0,-2685561471.0,1115680467.8333333,1059665325.0833334,3901898617.0,3723696811.75,5017579084.833333,4783362136.833333,-2786218149.1666665,-2664031486.6666665
2004-08-01,883192818.0,1561451300.0,3002543924.0,4072621200.0,3885736742.0,-2119351106.0,1111381435.0,1064657989.5833334,3824239433.8333335,3756981211.6666665,4935620868.833333,4821639201.25,-2712857998.8333335,-2692323222.0833335
2004-09-01,1135228530.0,1386325900.0,4228964855.0,5080169900.0,5364193385.0,-3093736325.0,1108984654.0,1068394586.3333334,3822131304.0,3754287484.25,4931115958.0,4822682070.583333,-2713146650.0,-2685892897.9166665
2004-10-01,1120708760.0,1717999500.0,3378930833.0,2678961400.0,4499639593.0,-2258222073.0,1110780357.3333333,1069540791.25,3768297658.6666665,3726766107.6666665,4879078016.0,4796306898.916667,-2657517301.3333335,-2657225316.4166665
2004-11-01,1265858459.0,1721095000.0,3957959937.0,4053252500.0,5223818396.0,-2692101478.0,1145600529.3333333,1090454066.8333333,3755072076.8333335,3763418659.5,4900672606.166667,4853872726.333333,-2609471547.5,-2672964592.6666665
2004-12-01,1334729978.0,1789488300.0,3931037516.0,4111877900.0,5265767494.0,-2596307538.0,1162236173.3333333,1113851721.75,3736449505.1666665,3762377271.5833335,4898685678.5,4876228993.333333,-2574213331.8333335,-2648525549.8333335
2005-01-01,925860076.0,1451019000.0,3355587494.0,4577987000.0,4281447570.0,-2429727418.0,1110929770.1666667,1113305119.0,3642504093.1666665,3772201355.0833335,4753433863.333333,4885506474.083333,-2531574323.0,-2658896236.0833335
2005-02-01,1142064960.0,1584095400.0,3564346763.0,3943627800.0,4706411723.0,-2422281803.0,1154075127.1666667,1132728281.0833333,3736137899.6666665,3780188666.75,4890213026.833333,4912916947.833333,-2582062772.5,-2647460385.6666665
2005-03-01,1262828641.0,1941438000.0,4306493307.0,4749724300.0,5569321948.0,-3043664666.0,1175341812.3333333,1142163233.1666667,3749059308.3333335,3785595306.1666665,4924401120.666667,4927758539.333333,-2573717496.0,-2643432073.0
2005-04-01,1239323267.0,1733485400.0,3712871671.0,3659890700.0,4952194938.0,-2473548404.0,1195110896.8333333,1152945627.0833333,3804716114.6666665,3786506886.6666665,4999827011.5,4939452513.75,-2609605217.8333335,-2633561259.5833335
2005-05-01,1151122728.0,1824144200.0,3642563392.0,3890925300.0,4793686120.0,-2491440664.0,1175988275.0,1160794402.1666667,3752150023.8333335,3753611050.3333335,4928138298.833333,4914405452.5,-2576161748.8333335,-2592816648.1666665
2005-06-01,1260391368.0,2150742200.0,3784245506.0,3773063100.0,5044636874.0,-2523854138.0,1163598506.6666667,1162917340.0,3727684688.8333335,3732067097.0,4891283195.5,4894984437.0,-2564086182.1666665,-2569149757.0
2005-07-01,1348914568.0,1877678500.0,3839443765.0,3726441900.0,5188358333.0,-2490529197.0,1234107588.6666667,1172518679.4166667,3808327400.6666665,3725415746.9166665,5042434989.333333,4897934426.333333,-2574219812.0,-2552897067.5
2005-08-01,1071926063.0,1814767700.0,3589188017.0,4419856100.0,4661114080.0,-2517261954.0,1222417772.5,1188246449.8333333,3812467609.6666665,3774302754.6666665,5034885382.166667,4962549204.5,-2590049837.1666665,-2586056304.8333335
2005-09-01,1304439581.0,1804488000.0,4408432081.0,4021286500.0,5712871662.0,-3103992500.0,1229352929.1666667,1202347370.75,3829457405.3333335,3789258356.8333335,5058810334.5,4991605727.583333,-2600104476.1666665,-2586910986.0833335
2005-10-01,1270883937.0,1788084000.0,3812547441.0,3435988600.0,5083431378.0,-2541663504.0,1234613040.8333333,1214861968.8333333,3846070033.6666665,3825393074.1666665,5080683074.5,5040255043.0,-2611456992.8333335,-2610531105.3333335
2005-11-01,1428308267.0,1875917600.0,4258706537.0,4551605200.0,5687014804.0,-2830398270.0,1280810630.6666667,1228399452.8333333,3948760557.8333335,3850455290.8333335,5229571188.5,5078854743.666667,-2667949927.1666665,-2622055838.0
2005-12-01,1450757958.0,1973745100.0,4162825708.0,4471945100.0,5613583666.0,-2712067750.0,1312538395.6666667,1238068451.1666667,4011857258.1666665,3869770973.5,5324395653.833333,5107839424.666667,-2699318862.5,-2631702522.3333335
2006-01-01,1207504903.0,1767542000.0,3993783611.0,4363355900.0,5201288514.0,-2786278708.0,1288970118.1666667,1261538853.4166667,4037580565.8333335,3922953983.25,5326550684.0,5184492836.666667,-2748610447.6666665,-2661415129.8333335
2006-02-01,1285219140.0,1595760900.0,4039993969.0,4009496500.0,5325213109.0,-2754774829.0,1324518964.3333333,1273468368.4166667,4112714891.1666665,3962591250.4166665,5437233855.5,5236059618.833333,-2788195926.8333335,-2689122882.0
2006-03-01,1541252135.0,1989819300.0,5004821774.0,4926128300.0,6546073909.0,-3463569639.0,1363987723.3333333,1296670326.25,4212113173.3333335,4020785289.3333335,5576100896.666667,5317455615.583333,-2848125450.0,-2724114963.0833335
2006-04-01,1290396040.0,1578247500.0,4120453691.0,3572539400.0,5410849731.0,-2830057651.0,1367239740.5,1300926390.6666667,4263430881.6666665,4054750457.6666665,5630670622.166667,5355676848.333333,-2896191141.1666665,-2753824067.0
2006-05-01,1604875422.0,2023475200.0,4865658534.0,4519929500.0,6470533956.0,-3260783112.0,1396667599.6666667,1338739115.1666667,4364589547.833333,4156675052.8333335,5761257147.5,5495414168.0,-2967921948.1666665,-2817935937.6666665
2006-06-01,1597339751.0,1780621800.0,4636093178.0,4168994400.0,6233432929.0,-3038753427.0,1421097898.5,1366818147.0833333,4443467459.5,4227662358.8333335,5864565358.0,5594480505.916667,-3022369561.0,-2860844211.75
2006-07-01,1429280419.0,1603583000.0,4329714609.0,3593543700.0,5758995028.0,-2900434190.0,1458060484.5,1373515301.3333333,4499455959.166667,4268518262.5,5957516443.666667,5642033563.833333,-3041395474.6666665,-2895002961.1666665
2006-08-01,1252710731.0,1954604900.0,4115701996.0,4458973300.0,5368412727.0,-2862991265.0,1452642416.3333333,1388580690.3333333,4512073963.666667,4312394427.416667,5964716380.0,5700975117.75,-3059431547.3333335,-2923813737.0833335
2006-09-01,1567122958.0,1688150100.0,4811027338.0,4299084900.0,6378150296.0,-3243904380.0,1456954220.1666667,1410470971.75,4479774891.0,4345944032.166667,5936729111.166667,5756415003.916667,-3022820670.8333335,-2935473060.4166665
2006-10-01,1431978088.0,1639822400.0,4783851290.0,4435450500.0,6215829378.0,-3351873202.0,1480551228.1666667,1423895484.3333333,4590341157.5,4426886019.583333,6070892385.666667,5850781503.916667,-3109789929.3333335,-3002990535.25
2006-11-01,1489058230.0,1800103000.0,4659516255.0,4911154800.0,6148574485.0,-3170458025.0,1461248362.8333333,1428957981.25,4555984111.0,4460286829.416667,6017232473.833333,5889244810.666667,-3094735748.1666665,-3031328848.1666665
2006-12-01,1434237015.0,1680265900.0,4213727364.0,3752404000.0,5647964379.0,-2779490349.0,1434064573.5,1427581236.0,4485589808.666667,4464528634.083333,5919654382.166667,5892109870.083333,-3051525235.1666665,-3036947398.0833335
2007-01-01,1335795708.0,1634574300.0,4686531298.0,5143700900.0,6022327006.0,-3350735590.0,1418483788.3333333,1438272136.4166667,4545059256.833333,4522257608.0,5963543045.166667,5960529744.416667,-3126575468.5,-3083985471.5833335
2007-02-01,1365954844.0,1683819000.0,5047103777.0,4595026000.0,6413058621.0,-3681148933.0,1437357807.1666667,1445000111.75,4700292887.0,4606183425.333333,6137650694.166667,6051183537.083333,-3262935079.8333335,-3161183313.5833335
2007-03-01,1725357213.0,1843196300.0,6054124729.0,4402983800.0,7779481942.0,-4328767516.0,1463730183.0,1460342201.5833333,4907475785.5,4693625338.25,6371205968.5,6153967539.833333,-3443745602.5,-3233283136.6666665
2007-04-01,1416641181.0,1757587800.0,4499926408.0,3988705000.0,5916567589.0,-3083285227.0,1461174031.8333333,1470862630.0,4860154971.833333,4725248064.666667,6321329003.666667,6196110694.666667,-3398980940.0,-3254385434.6666665
2007-05-01,1504864565.0,1695647800.0,5245262784.0,4672156400.0,6750127349.0,-3740398219.0,1463808421.0,1462528391.9166667,4957779393.333333,4756881752.166667,6421587814.333333,6219410144.083333,-3493970972.3333335,-3294353360.25
2007-06-01,1656276885.0,2203484300.0,5080232729.0,3841573000.0,6736509614.0,-3423955844.0,1500815066.0,1467439819.75,5102196954.166667,4793893381.416667,6603012020.166667,6261333201.166667,-3601381888.1666665,-3326453561.6666665
2007-07-01,1738571591.0,2554528900.0,5600609867.0,5489340000.0,7339181458.0,-3862038276.0,1567944379.8333333,1493214084.0833333,5254543382.333333,4899801319.583333,6822487762.166667,6393015403.666667,-3686599002.5,-3406587235.5
2007-08-01,1486724856.0,2376011600.0,4431107737.0,3956288600.0,5917832593.0,-2944382881.0,1588072715.1666667,1512715261.1666667,5151877375.666667,4926085131.333333,6739950090.833333,6438800392.5,-3563804660.5,-3413369870.1666665
2007-09-01,1737957457.0,2291703700.0,4978645835.0,3758887200.0,6716603292.0,-3240688378.0,1590172755.8333333,1526951469.4166667,4972630893.333333,4940053339.416667,6562803649.166667,6467004808.833333,-3382458137.5,-3413101870.0
2007-10-01,1768497847.0,2393368200.0,5651429705.0,5222303700.0,7419927552.0,-3882931858.0,1648815533.5,1554994782.6666667,5164548109.5,5012351540.666667,6813363643.0,6567346323.333333,-3515732576.0,-3457356758.0
2007-11-01,1932712484.0,2566397000.0,5420392918.0,4767808200.0,7353105402.0,-3487680434.0,1720123520.0,1591965970.5,5193736465.166667,5075757929.25,6913859985.166667,6667723899.75,-3473612945.1666665,-3483791958.75
2007-12-01,1647903178.0,2367928500.0,5163518906.0,4674144700.0,6811422084.0,-3515615728.0,1718727902.1666667,1609771484.0833333,5207617494.666667,5154907224.416667,6926345396.833333,6764678708.5,-3488889592.5,-3545135740.3333335
2008-01-01,1453829616.0,2011664400.0,4907216377.0,4695292200.0,6361045993.0,-3453386761.0,1671270906.3333333,1619607643.0833333,5092051913.0,5173297647.666667,6763322819.333333,6792905290.75,-3420781006.6666665,-3553690004.5833335
2008-02-01,1615477906.0,2164749900.0,5321174579.0,4748141200.0,6936652485.0,-3705696673.0,1692729748.0,1640401231.5833333,5240396386.666667,5196136881.166667,6933126134.666667,6836538112.75,-3547666638.6666665,-3555735649.5833335
2008-03-01,1671034070.0,2133954800.0,5658404493.0,4912327400.0,7329438563.0,-3987370423.0,1681575850.1666667,1635874303.0,5353689496.333333,5163160194.833333,7035265346.5,6799034497.833333,-3672113646.1666665,-3527285891.8333335
2008-04-01,1735794069.0,2146446500.0,5516726145.0,4738164100.0,7252520214.0,-3780932076.0,1676125220.5,1662470377.0,5331238903.0,5247893506.25,7007364123.5,6910363883.25,-3655113682.5,-3585423129.25
2008-05-01,1904709583.0,2434819400.0,5451860275.0,4387214000.0,7356569858.0,-3547150692.0,1671458070.3333333,1695790795.1666667,5336483462.5,5265109963.833333,7007941532.833333,6960900759.0,-3665025392.1666665,-3569319168.6666665
2008-06-01,1980661435.0,2755593600.0,6219506278.0,4505297100.0,8200167713.0,-4238844843.0,1726917779.8333333,1722822841.0,5512481357.833333,5360049426.25,7239399137.666667,7082872267.25,-3785563578.0,-3637226585.25
2008-07-01,2061675751.0,2397172800.0,6072931496.0,4607581500.0,8134607247.0,-4011255745.0,1828225469.0,1749748187.6666667,5706767211.0,5399409562.0,7534992680.0,7149157749.666667,-3878541742.0,-3649661374.3333335
2008-08-01,1608811174.0,2603954800.0,4822523164.0,4270198900.0,6431334338.0,-3213711990.0,1827114347.0,1759922047.5,5623658641.833333,5432027514.25,7450772988.833333,7191949561.75,-3796544294.8333335,-3672105466.75
2008-09-01,2042016913.0,2364650100.0,5938838978.0,4647617500.0,7980855891.0,-3896822065.0,1888944820.8333333,1785260335.5,5670397722.666667,5512043609.5,7559342543.5,7297303945.0,-3781452901.8333335,-3726783274.0
2008-10-01,2069846322.0,4438808200.0,6087974260.0,4973826500.0,8157820582.0,-4018127938.0,1944620196.3333333,1810372708.4166667,5765605741.833333,5548422322.416667,7710225938.166667,7358795030.833333,-3820985545.5,-3738049614.0
2008-11-01,1581331783.0,3053321300.0,4820562823.0,3989165800.0,6401894606.0,-3239231040.0,1890723896.3333333,1781090983.3333333,5660389499.833333,5498436481.166667,7551113396.166667,7279527464.5,-3769665603.5,-3717345497.8333335
2008-12-01,1502515480.0,3131451200.0,4711637052.0,4350511000.0,6214152532.0,-3209121572.0,1811032903.8333333,1768975341.8333333,5409077962.166667,5460779660.0,7220110866.0,7229755001.833333,-3598045058.3333335,-3691804318.1666665
2009-01-01,1118635369.0,2660048900.0,3953462571.0,4362699700.0,5072097940.0,-2834827202.0,1653859506.8333333,1741042487.9166667,5055833141.333333,5381300176.166667,6709692648.166667,7122342664.083333,-3401973634.5,-3640257688.25
2009-02-01,1423437719.0,3126140400.0,4216849418.0,3875291000.0,5640287137.0,-2793411699.0,1622963931.0,1725039139.0,4954887517.0,5289273079.416667,6577851448.0,7014312218.416667,-3331923586.0,-3564233940.4166665
2009-03-01,1517624086.0,2873091900.0,4625305444.0,3443631300.0,6142929530.0,-3107681358.0,1535565126.5,1712254973.6666667,4735965261.333333,5203181492.0,6271530387.833333,6915436465.666667,-3200400134.8333335,-3490926518.3333335
2009-04-01,1471188801.0,3304923800.0,4195492716.0,4603357200.0,5666681517.0,-2724303915.0,1435788873.0,1690204534.6666667,4420551670.666667,5093078706.25,5856340543.666667,6783283240.916667,-2984762797.6666665,-3402874171.5833335
2009-05-01,1591022116.0,2739028200.0,4206497085.0,3725109300.0,5797519201.0,-2615474969.0,1437403928.5,1664063912.4166667,4318207381.0,4989298440.416667,5755611309.5,6653362352.833333,-2880803452.5,-3325234528.0
2009-06-01,1647949147.0,2504872400.0,5019443223.0,3709794300.0,6667392370.0,-3371494076.0,1461642873.0,1636337888.4166667,4369508409.5,4889293185.833333,5831151282.5,6525631074.25,-2907865536.5,-3252955297.4166665
2009-07-01,1660336050.0,2639537900.0,4795417676.0,4203721200.0,6455753726.0,-3135081626.0,1551926319.8333333,1602892913.3333333,4509834260.333333,4782833700.833333,6061760580.166667,6385726614.166667,-2957907940.5,-3179940787.5
2009-08-01,1271255513.0,2106597200.0,3780774348.0,3912573800.0,5052029861.0,-2509518835.0,1526562618.8333333,1574763274.9166667,4437155082.0,4696021299.5,5963717700.833333,6270784574.416667,-2910592463.1666665,-3121258024.5833335
2009-09-01,1728829151.0,2285400900.0,4979240075.0,4481125700.0,6708069226.0,-3250410924.0,1561763463.0,1548664294.75,4496144187.166667,4616054724.25,6057907650.166667,6164719019.0,-2934380724.1666665,-3067390429.5
2009-10-01,1552348277.0,2226005200.0,4283054505.0,3584992800.0,5835402782.0,-2730706228.0,1575290042.3333333,1505539457.6666667,4510737818.666667,4465644744.666667,6086027861.0,5971184202.333333,-2935447776.3333335,-2960105287.0
2009-11-01,1426285275.0,1980993200.0,4628766293.0,4219549400.0,6055051568.0,-3202481018.0,1547833902.1666667,1492618915.3333333,4581116020.0,4449661700.5,6128949922.166667,5942280615.833333,-3033282117.8333335,-2957042785.1666665
2009-12-01,1606231837.0,2390914000.0,4453857106.0,4464740400.0,6060088943.0,-2847625269.0,1540881017.1666667,1501261945.0833333,4486851667.166667,4428180038.333333,6027732684.333333,5929441983.416667,-2945970650.0,-2926918093.25
2010-01-01,1202454125.0,1824912964.0,3845537646.0,3677268222.0,5047991771.0,-2643083521.0,1464567363.0,1508246841.4166667,4328538328.833333,4419186294.583333,5793105691.833333,5927433136.0,-2863970965.8333335,-2910939453.1666665
2010-02-01,1442499818.0,2000970913.0,3640458849.0,3188179203.0,5082958667.0,-2197959031.0,1493108080.5,1509835349.6666667,4305152412.333333,4371153747.166667,5798260492.833333,5880989096.833333,-2812044331.8333335,-2861318397.5
2010-03-01,1809463628.0,2456097986.0,5405585024.0,5400979829.0,7215048652.0,-3596121396.0,1506547160.0,1534155311.5,4376209903.833333,4436177045.5,5882757063.833333,5970332357.0,-2869662743.8333335,-2902021734.0
2010-04-01,1740549872.0,2471117511.0,3997580513.0,3547878943.0,5738130385.0,-2257030641.0,1537914092.5,1556602067.4166667,4328630905.166667,4419684361.916667,5866544997.666667,5976286429.333333,-2790716812.6666665,-2863082294.5
2010-05-01,1809085355.0,2710198970.0,4137973982.0,4161080531.0,5947059337.0,-2328888627.0,1601714105.8333333,1574774004.0,4246832186.6666665,4413974103.333333,5848546292.5,5988748107.333333,-2645118080.8333335,-2839200099.3333335
2010-06-01,1957340746.0,2906060095.0,4250462037.0,4316456692.0,6207802783.0,-2293121291.0,1660232257.3333333,1600556637.25,4212933008.5,4349892337.833333,5873165265.833333,5950448975.083333,-2552700751.1666665,-2749335700.5833335
2010-07-01,1739491264.0,2357955655.0,4070804181.0,4042046387.0,5810295445.0,-2331312917.0,1749738447.1666667,1607152905.0833333,4250477431.0,4289507879.9166665,6000215878.166667,5896660785.0,-2500738983.8333335,-2682354974.8333335
2010-08-01,1654494971.0,2547000318.0,3419608961.0,3698630218.0,5074103932.0,-1765113990.0,1785070972.6666667,1639089526.5833333,4213669116.3333335,4259410764.3333335,5998740089.0,5898500290.916667,-2428598143.6666665,-2620321237.75
2010-09-01,1607055612.0,2163019065.0,4041323075.0,4173561056.0,5648378687.0,-2434267463.0,1751336303.3333333,1628941731.6666667,3986292124.8333335,4181251014.3333335,5737628428.166667,5810192746.0,-2234955821.5,-2552309282.6666665
2010-10-01,2043610573.0,2621801353.0,4554928762.0,4008066731.0,6598539335.0,-2511318189.0,1801846420.1666667,1669880256.3333333,4079183499.6666665,4203907202.4166665,5881029919.833333,5873787458.75,-2277337079.5,-2534026946.0833335
2010-11-01,1983862023.0,2546867711.0,4144958847.0,3742401918.0,6128820870.0,-2161096824.0,1830975864.8333333,1716344985.3333333,4080347643.8333335,4163589915.25,5911323508.666667,5879934900.583333,-2249371779.0,-2447244929.9166665
2010-12-01,2171318998.0,2659402023.0,4139176924.0,4395498653.0,6310495922.0,-1967857926.0,1866638906.8333333,1763435582.0833333,4061800125.0,4137366566.75,5928439031.833333,5900802148.833333,-2195161218.1666665,-2373930984.6666665
2011-01-01,1543484844.0,2068422186.0,3873353386.0,4049404790.0,5416838230.0,-2329868542.0,1833971170.1666667,1791854808.6666667,4028891659.1666665,4139684545.0833335,5862862829.333333,5931539353.75,-2194920489.0,-2347829736.4166665
2011-02-01,1652692808.0,1786106387.0,3828944375.0,3555133932.0,5481637183.0,-2176251567.0,1833670809.6666667,1809370891.1666667,4097114228.1666665,4155391672.25,5930785037.833333,5964762563.416667,-2263443418.5,-2346020781.0833335
2011-03-01,2115613944.0,2434432962.0,4177733784.0,3592240416.0,6293347728.0,-2062119840.0,1918430531.6666667,1834883417.5,4119849346.3333335,4053070735.5833335,6038279878.0,5887954153.083333,-2201418814.6666665,-2218187318.0833335
2011-04-01,2085981873.0,2294842182.0,4039450796.0,4003640042.0,6125432669.0,-1953468923.0,1925492415.0,1863669417.5833333,4033936352.0,4056559925.8333335,5959428767.0,5920229343.416667,-2108443937.0,-2192890508.25
2011-05-01,2207380541.0,2704737314.0,4093100975.0,3660291999.0,6300481516.0,-1885720434.0,1962745501.3333333,1896860683.0833333,4025293373.3333335,4052820508.5833335,5988038874.666667,5949681191.666667,-2062547872.0,-2155959825.5
2011-06-01,2200891864.0,2685472209.0,4369671946.0,4005300407.0,6570563810.0,-2168780082.0,1967674312.3333333,1917156609.5833333,4063709210.3333335,4062754667.6666665,6031383522.666667,5979911277.25,-2096034898.0,-2145598058.0833333
2011-07-01,2228194877.0,2623860710.0,4171341609.0,4034255506.0,6399536486.0,-1943146732.0,2081792651.1666667,1957881910.6666667,4113373914.1666665,4071132786.6666665,6195166565.333333,6029014697.333333,-2031581263.0,-2113250876.0
2011-08-01,1860012698.0,2391215803.0,3908739270.0,4196355508.0,5768751968.0,-2048726572.0,2116345966.1666667,1975008387.9166667,4126673063.3333335,4111893645.75,6243019029.5,6086902033.666667,-2010327097.1666667,-2136885257.8333333
2011-09-01,2172827607.0,2489513491.0,4065379111.0,3685897660.0,6238206718.0,-1892551504.0,2125881576.6666667,2022156054.1666667,4107947284.5,4113898315.4166665,6233828861.166667,6136054369.583333,-1982065707.8333333,-2091742261.25
2011-10-01,1925975722.0,2152453717.0,3609298732.0,3270720116.0,5535274454.0,-1683323010.0,2099213884.8333333,2012353149.9166667,4036255273.8333335,4035095812.9166665,6135469158.666667,6047448962.833333,-1937041389.0,-2022742663.0
2011-11-01,2001337282.0,2284688645.0,3843317565.0,3478790112.0,5844654847.0,-1841980283.0,2064873341.6666667,2013809421.5,3994624705.5,4009959039.4166665,6059498047.166667,6023768460.916667,-1929751363.8333333,-1996149617.9166667
2011-12-01,2248096729.0,2592183728.0,3907836428.0,3982322278.0,6155933157.0,-1659739699.0,2072740819.1666667,2020207565.75,3917652119.1666665,3990680664.75,5990392938.333333,6010888230.5,-1844911300.0,-1970473099.0
2012-01-01,1909825098.0,2300377424.0,3812787165.0,3752929345.0,5722612263.0,-1902962067.0,2019679189.3333333,2050735920.25,3857893045.1666665,3985633479.6666665,5877572234.5,6036369399.916667,-1838213855.8333333,-1934897559.4166667
2012-02-01,2006106420.0,2217893560.0,3600241321.0,3112573229.0,5606347741.0,-1594134901.0,2044028143.0,2080187054.5833333,3806476720.3333335,3966574891.8333335,5850504863.333333,6046761946.416667,-1762448577.3333333,-1886387837.25
2012-03-01,2243490160.0,2560757144.0,4816780523.0,4541392813.0,7060270683.0,-2573290363.0,2055805235.1666667,2090843405.9166667,3931710289.0,4019828786.75,5987515524.166667,6110672192.666667,-1875905053.8333333,-1928985380.8333333
2012-04-01,2155953666.0,2516406604.0,3818721457.0,3603932259.0,5974675123.0,-1662767791.0,2094134892.5,2096674388.6666667,3966614076.5,4001434675.1666665,6060748969.0,6098109063.833333,-1872479184.0,-1904760286.5
2012-05-01,2301959843.0,3025729220.0,3831015056.0,3402280027.0,6132974899.0,-1529055213.0,2144238652.6666667,2104555997.1666667,3964563658.3333335,3979594181.9166665,6108802311.0,6084150179.083333,-1820325005.6666667,-1875038184.75
2012-06-01,2292184618.0,2930650030.0,4129048429.0,3955171037.0,6421233047.0,-1836863811.0,2151586634.1666665,2112163726.6666667,4001432325.1666665,3959542222.1666665,6153018959.333333,6071705948.833333,-1849845691.0,-1847378495.5
2012-07-01,2207277793.0,2833268853.0,3743957499.0,3348616415.0,5951235292.0,-1536679706.0,2201162083.3333335,2110420636.3333333,3989960714.1666665,3923926879.6666665,6191122797.5,6034347516.0,-1788798630.8333333,-1813506243.3333333
2012-08-01,2176137796.0,2747534667.0,3973795394.0,4122682029.0,6149933190.0,-1797657598.0,2229500646.0,2136764394.5,4052219726.3333335,3929348223.3333335,6281720372.333333,6066112617.833333,-1822719080.3333333,-1792583828.8333333
2012-09-01,2450398117.0,3132743872.0,3589555000.0,2998178164.0,6039953117.0,-1139156883.0,2263985305.5,2159895270.3333335,3847682139.1666665,3889696214.0833335,6111667444.666667,6049591484.416667,-1583696833.6666667,-1729800943.75
2012-10-01,2568244931.0,3087353005.0,4465266581.0,4291957055.0,7033511512.0,-1897021650.0,2332700516.3333335,2213417704.4166665,3955439659.8333335,3961026868.1666665,6288140176.166667,6174444572.583333,-1622739143.5,-1747609163.75
2012-11-01,2725712578.0,3476179971.0,4345730856.0,4413372026.0,7071443434.0,-1620018278.0,2403325972.1666665,2273782312.4166665,4041225626.5,4002894642.4166665,6444551598.666667,6276676954.833333,-1637899654.3333333,-1729112330.0
2012-12-01,2441097855.0,2990250523.0,3839792641.0,3621316973.0,6280890496.0,-1398694786.0,2428144845.0,2289865739.5833335,3993016328.5,3997224326.8333335,6421161173.5,6287090066.416667,-1564871483.5,-1707358587.25
2013-01-01,2146859466.0,2890498788.0,4090839558.0,4357906167.0,6237699024.0,-1943980092.0,2418075123.8333335,2309618603.5833335,4050830005.0,4020395359.5833335,6468905128.833333,6330013963.166667,-1632754881.1666667,-1710776756.0
2013-02-01,2103722091.0,2706304014.0,3925771952.0,3856190577.0,6029494043.0,-1822049861.0,2406005839.6666665,2317753242.8333335,4042826098.0,4047522912.1666665,6448831937.666667,6365276155.0,-1636820258.3333333,-1729769669.3333333
2013-03-01,2109766943.0,2736047979.0,3642458236.0,3436019809.0,5752225179.0,-1532691293.0,2349233977.3333335,2306609641.4166665,4051643304.0,3949662721.5833335,6400877281.333333,6256272363.0,-1702409326.6666667,-1643053080.1666667
2013-04-01,2500773337.0,3274330059.0,3822267041.0,3787164117.0,6323040378.0,-1321493704.0,2337988711.6666665,2335344614.0,3944476714.0,3949958186.9166665,6282465425.666667,6285302800.916667,-1606488002.3333333,-1614613572.9166667
2013-05-01,2445963386.0,3411855513.0,3834202333.0,3990849132.0,6280165719.0,-1388238947.0,2291363846.3333335,2347344909.25,3859221960.1666665,3950223793.3333335,6150585806.5,6297568702.583333,-1567858113.8333333,-1602878884.0833333
2013-06-01,2201570415.0,3008298119.0,3716778661.0,3447385414.0,5918349076.0,-1515208246.0,2251442606.3333335,2339793725.6666665,3838719630.1666665,3915867979.3333335,6090162236.5,6255661705.0,-1587277023.8333333,-1576074253.6666667
2013-07-01,2471234681.0,3236605729.0,3932368131.0,4005993592.0,6403602812.0,-1461133450.0,2305505142.1666665,2361790133.0,3812307725.6666665,3931568865.3333335,6117812867.833333,6293358998.333333,-1506802583.5,-1569778732.3333333
2013-08-01,2178423644.0,3055665198.0,3595636398.0,3927561089.0,5774060042.0,-1417212754.0,2317955401.0,2361980620.3333335,3757285133.3333335,3900055615.6666665,6075240534.333333,6262036236.0,-1439329732.3333333,-1538074995.3333333
2013-09-01,2441433163.0,3366257671.0,4017010758.0,4093488763.0,6458443921.0,-1575577595.0,2373233104.3333335,2361233540.8333335,3819710553.6666665,3935676928.8333335,6192943658.0,6296910469.666667,-1446477449.3333333,-1574443388.0
2013-10-01,2346570131.0,2954424271.0,4136666438.0,4057783085.0,6483236569.0,-1790096307.0,2347532570.0,2342760640.8333335,3872110453.1666665,3908293583.5833335,6219643023.166667,6251054224.416667,-1524577883.1666667,-1565532942.75
2013-11-01,2170190763.0,2774732028.0,3560963847.0,3534999594.0,5731154610.0,-1390773084.0,2301570466.1666665,2296467156.25,3826570705.5,3842896332.8333335,6128141171.666667,6139363489.083333,-1525000239.3333333,-1546429176.5833333
2013-12-01,2106479638.0,2683056742.0,3548034716.0,3545567013.0,5654514354.0,-1441555078.0,2285722003.3333335,2268582304.8333335,3798446714.6666665,3818583172.4166665,6084168718.0,6087165477.25,-1512724711.3333333,-1550000867.5833333
2014-01-01,2135932250.0,3020996236.0,3808247179.0,3960416444.0,5944179429.0,-1672314929.0,2229838264.8333335,2267671703.5,3777759889.3333335,3795033807.5,6007598154.166667,6062705511.0,-1547921624.5,-1527362104.0
2014-02-01,2065936153.0,2866247548.0,3692215458.0,3761563094.0,5758151611.0,-1626279305.0,2211090349.6666665,2264522875.3333335,3793856399.3333335,3775570766.3333335,6004946749.0,6040093641.666667,-1582766049.6666667,-1511047891.0
2014-03-01,2160590070.0,3004580929.0,3637418787.0,3445739176.0,5798008857.0,-1476828717.0,2164283167.5,2268758135.9166665,3730591070.8333335,3775150812.25,5894874238.333333,6043908948.166667,-1566307903.3333333,-1506392676.3333333
2014-04-01,2053261276.0,3000541171.0,3656167954.0,3346419774.0,5709429230.0,-1602906678.0,2115398358.3333333,2231465464.1666665,3650507990.1666665,3761309221.6666665,5765906348.5,5992774685.833333,-1535109631.8333333,-1529843757.5
2014-05-01,2272336480.0,3149942817.0,3971640355.0,4060594253.0,6243976835.0,-1699303875.0,2132422644.5,2216996555.3333335,3718954074.8333335,3772762390.1666665,5851376719.333333,5989758945.5,-1586531430.3333333,-1555765834.8333333
2014-06-01,2480692277.0,3458777045.0,3840334231.0,3529368877.0,6321026508.0,-1359641954.0,2194791417.6666665,2240256710.5,3767670660.6666665,3783058687.6666665,5962462078.333333,6023315398.166667,-1572879243.0,-1542801977.1666667
2014-07-01,2498363321.0,3374039015.0,4392906245.0,4390404894.0,6891269566.0,-1894542924.0,2255196596.1666665,2242517430.5,3865113838.3333335,3821436863.8333335,6120310434.5,6063954294.333333,-1609917242.1666667,-1578919433.3333333
2014-08-01,2070816733.0,2956062624.0,3297671752.0,3525994715.0,5368488485.0,-1226855019.0,2256010026.1666665,2233550187.9166665,3799356554.0,3796606476.6666665,6055366580.166667,6030156664.583333,-1543346527.8333333,-1563056288.75
2014-09-01,2303845965.0,3064236180.0,4272544917.0,4384419540.0,6576390882.0,-1968698952.0,2279886008.6666665,2222084588.0833335,3905210909.0,3817900989.9166665,6185096917.666667,6039985578.0,-1625324900.3333333,-1595816401.8333333
2014-10-01,2528351027.0,3528650675.0,4292160335.0,4590374962.0,6820511362.0,-1763809308.0,2359067633.8333335,2237232996.0833335,4011209639.1666665,3830858814.6666665,6370277273.0,6068091810.75,-1652142005.3333333,-1593625818.5833333
2014-11-01,2342293871.0,3187058846.0,3904159307.0,3966738693.0,6246453178.0,-1561865436.0,2370727199.0,2251574921.75,3999962797.8333335,3859458436.3333335,6370689996.833333,6111033358.083333,-1629235598.8333333,-1607883514.5833333
2014-12-01,2173062220.0,3140407150.0,3929753585.0,4534105554.0,6102815805.0,-1756691365.0,2319455522.8333335,2257123470.25,4014866023.5,3891268342.0833335,6334321546.333333,6148391812.333333,-1695410500.6666667,-1634144871.8333333
2015-01-01,1873441144.0,2821956598.0,3143940607.0,3583566095.0,5017381751.0,-1270499463.0,2215301826.6666665,2235249211.4166665,3806705083.8333335,3835909461.0833335,6022006910.5,6071158672.5,-1591403257.1666667,-1600660249.6666667
2015-02-01,2047200663.0,2846877538.0,3491452753.0,4101701275.0,5538653416.0,-1444252090.0,2211365815.0,2233687920.5833335,3839001917.3333335,3819179235.6666665,6050367732.333333,6052867156.25,-1627636102.3333333,-1585491315.0833333
2015-03-01,2363172950.0,3365851652.0,4252743296.0,5005774546.0,6615916246.0,-1889570346.0,2221253645.8333335,2250569827.25,3835701647.1666665,3870456278.0833335,6056955293.0,6121026105.333333,-1614448001.3333333,-1619886450.8333333
2015-04-01,2186279650.0,2805833294.0,3797192979.0,4183937322.0,5983472629.0,-1610913329.0,2164241749.6666665,2261654691.75,3753207087.8333335,3882208363.5,5917448837.5,6143863055.25,-1588965338.1666667,-1620553671.75
2015-05-01,2297083486.0,3224186059.0,3569036912.0,3473634394.0,5866120398.0,-1271953426.0,2156706685.5,2263716942.25,3697353355.3333335,3848658076.5833335,5854060040.833333,6112375018.833333,-1540646669.8333333,-1584941134.3333333
2015-06-01,2244223189.0,3129890998.0,3647287250.0,3319476811.0,5891510439.0,-1403064061.0,2168566847.0,2244011184.9166665,3650275632.8333335,3832570828.1666665,5818842479.833333,6076582013.083333,-1481708785.8333333,-1588559643.25
2015-07-01,2325729407.0,3314725504.0,2945517131.0,3373008438.0,5271246538.0,-619787724.0,2243948224.1666665,2229625025.4166665,3617205053.5,3711955068.6666665,5861153277.666667,5941580094.083333,-1373256829.3333333,-1482330043.25
2015-08-01,1911647940.0,3288466757.0,2989117498.0,4628507075.0,4900765438.0,-1077469558.0,2221356103.6666665,2216360959.3333335,3533482511.0,3686242214.1666665,5754838614.666667,5902603173.5,-1312126407.3333333,-1469881254.8333333
2015-09-01,2020552733.0,3144657413.0,3442471598.0,4093446180.0,5463024331.0,-1421918865.0,2164252734.1666665,2192753190.0,3398437228.0,3617069437.5833335,5562689962.166667,5809822627.583333,-1234184493.8333333,-1424316247.5833333
2015-10-01,2231018195.0,3320748916.0,3562533346.0,4158161761.0,5793551541.0,-1331515151.0,2171709158.3333335,2167975454.0,3359327289.1666665,3556267188.5,5531036447.5,5724242642.5,-1187618130.8333333,-1388291734.5
2015-11-01,2068636704.0,3358968206.0,3656149583.0,4802233522.0,5724786287.0,-1587512879.0,2133634694.6666667,2145170690.0833333,3373846067.6666665,3535599711.5,5507480762.333333,5680770401.583333,-1240211373.0,-1390429021.4166667
2015-12-01,2184721026.0,3629820564.0,3713916112.0,5310866021.0,5898637138.0,-1529195086.0,2123717667.5,2146142257.25,3384950878.0,3517613255.4166665,5508668545.5,5663755512.666667,-1261233210.5,-1371470998.1666667
2016-01-01,1713055772.0,2935064908.0,2841102756.0,3753092473.0,4554158528.0,-1128046984.0,2021605395.0,2132776809.5833333,3367548482.1666665,3492376767.8333335,5389153877.166667,5625153577.416667,-1345943087.1666667,-1359599958.25
2016-02-01,1909805797.0,3148418194.0,3428289553.0,4700599281.0,5338095350.0,-1518483756.0,2021298371.1666667,2121327237.4166667,3440743824.6666665,3487113167.8333335,5462042195.833333,5608440405.25,-1419445453.5,-1365785930.4166667
2016-03-01,2097397596.0,3488705421.0,3629421956.0,4386098779.0,5726819552.0,-1532024360.0,2034105848.3333333,2099179291.25,3471902217.6666665,3435169722.8333335,5506008066.0,5534349014.083333,-1437796369.3333333,-1335990431.5833333
2016-04-01,2117241777.0,3521358686.0,3437487419.0,4336609322.0,5554729196.0,-1320245642.0,2015143112.0,2093426135.1666667,3451061229.8333335,3405194259.5,5466204341.833333,5498620394.666667,-1435918117.8333333,-1311768124.3333333
2016-05-01,2031287780.0,3317866965.0,3483874868.0,4256189087.0,5515162648.0,-1452587088.0,2008918291.3333333,2071276493.0,3422348777.3333335,3398097422.5,5431267068.666667,5469373915.5,-1413430486.0,-1326820929.5
2016-06-01,2128483717.0,3245113703.0,3561609520.0,3999587995.0,5690093237.0,-1433125803.0,1999545406.5,2061631537.0,3396964345.3333335,3390957611.6666665,5396509751.833333,5452589148.666667,-1397418938.8333333,-1329326074.6666667
2016-07-01,2264771370.0,3642741722.0,3586781957.0,4168241613.0,5851553327.0,-1322010587.0,2091498006.1666667,2056551700.5833333,3521244212.1666665,3444396347.1666665,5612742218.333333,5500948047.75,-1429746206.0,-1387844646.5833333
2016-08-01,1947573214.0,3575520490.0,3130005458.0,4029329838.0,5077578672.0,-1182432244.0,2097792575.6666667,2059545473.4166667,3471530196.3333335,3456137010.5,5569322772.0,5515682483.916667,-1373737620.6666667,-1396591537.0833333
2016-09-01,2377648844.0,4173933552.0,3772352643.0,4771019277.0,6150001487.0,-1394703799.0,2144501117.0,2089303482.6666667,3495351977.5,3483627097.5833335,5639853094.5,5572930580.25,-1350850860.5,-1394323614.9166667
2016-10-01,2293911865.0,3531849141.0,3682775395.0,4919289190.0,5976687260.0,-1388863530.0,2173946131.6666665,2094544621.8333333,3536233306.8333335,3493647268.3333335,5710179438.5,5588191890.166667,-1362287175.1666667,-1399102646.5
2016-11-01,2234346874.0,3414177528.0,3896826242.0,5110671131.0,6131173116.0,-1662479368.0,2207789314.0,2108353802.6666667,3605058535.8333335,3513703656.5833335,5812847849.833333,5622057459.25,-1397269221.8333333,-1405349853.9166667
2016-12-01,2330235082.0,3352337173.0,3866485054.0,5029685570.0,6196720136.0,-1536249972.0,2241414541.5,2120479974.0,3655871124.8333335,3526417735.0833335,5897285666.333333,5646897709.083333,-1414456583.3333333,-1405937761.0833333
2017-01-01,2142428434.0,3125071200.0,3567491974.0,4259490978.0,5709920408.0,-1425063540.0,2221024052.1666665,2156261029.1666665,3652656127.6666665,3586950169.9166665,5873680179.833333,5743211199.083333,-1431632075.5,-1430689140.75
2017-02-01,2107859363.0,2967334029.0,3809905450.0,4530383785.0,5917764813.0,-1702046087.0,2247738410.3333335,2172765493.0,3765972793.0,3618751494.6666665,6013711203.333333,5791516987.666667,-1518234382.6666667,-1445986001.6666667
2017-03-01,2659825797.0,3961437210.0,4627005573.0,5714022459.0,7286831370.0,-1967179776.0,2294767902.5,2219634509.75,3908414948.0,3701883462.75,6203182850.5,5921517972.5,-1613647045.5,-1482248953.0
2017-04-01,2320675041.0,3574513053.0,3567361947.0,3834568515.0,5888036988.0,-1246686906.0,2299228431.8333335,2236587281.75,3889179373.3333335,3712706340.0833335,6188407805.166667,5949293621.833333,-1589950941.5,-1476119058.3333333
2017-05-01,2571860157.0,4188042301.0,4093666061.0,4676040610.0,6665526218.0,-1521805904.0,2355480645.6666665,2281634979.8333335,3921986009.8333335,3763522272.8333335,6277466655.5,6045157252.666667,-1566505364.1666667,-1481887293.0
2017-06-01,2408031503.0,3587791390.0,3831720268.0,4294407381.0,6239751771.0,-1423688765.0,2368446715.8333335,2304930628.6666665,3916191878.8333335,3786031501.8333335,6284638594.666667,6090962130.5,-1547745163.0,-1481100873.1666667
2017-07-01,2429712437.0,3748277888.0,3983457439.0,4657064369.0,6413169876.0,-1553745002.0,2416327383.0,2318675717.5833335,3985519456.3333335,3819087792.0,6401846839.333333,6137763509.583333,-1569192073.3333333,-1500412074.4166667
2017-08-01,2034248361.0,3341825882.0,3704567613.0,5303330621.0,5738815974.0,-1670319252.0,2404058882.6666665,2325898646.5,3967963150.1666665,3866967971.5833335,6372022032.833333,6192866618.083333,-1563904267.5,-1541069325.0833333
2017-09-01,2420020277.0,3730551410.0,3750528041.0,4010558205.0,6170548318.0,-1330507764.0,2364091296.0,2329429599.25,3821883561.5,3865149254.75,6185974857.5,6194578854.0,-1457792265.5,-1535719655.5
2017-10-01,2514871313.0,3499883559.0,4355062079.0,5506615561.0,6869933392.0,-1840190766.0,2396457341.3333335,2347842886.5833335,3953166916.8333335,3921173145.0833335,6349624258.166667,6269016031.666667,-1556709575.5,-1573330258.5
2017-11-01,2616959288.0,3823229969.0,3947491486.0,3727917026.0,6564450774.0,-1330532198.0,2403973863.1666665,2379727254.4166665,3928804487.6666665,3925395248.75,6332778350.833333,6305122503.166667,-1524830624.5,-1545667994.3333333
2017-12-01,2636480035.0,3705493573.0,4117662848.0,4858515188.0,6754142883.0,-1481182813.0,2442048618.5,2405247667.1666665,3976461584.3333335,3946326731.5833335,6418510202.833333,6351574398.75,-1534412965.8333333,-1541079064.4166667
2018-01-01,2542275510.0,3457379953.0,4467394312.0,5422405449.0,7009669822.0,-1925118802.0,2460809130.6666665,2438568256.8333335,4057117729.8333335,4021318593.0833335,6517926860.5,6459886849.916667,-1596308599.1666667,-1582750336.25
2018-02-01,2426288806.0,3388488665.0,3926666025.0,4315806439.0,6352954831.0,-1500377219.0,2526149204.8333335,2465104043.75,4094134131.8333335,4031048641.0,6620283336.666667,6496152684.75,-1567984927.0,-1565944597.25
2018-03-01,2900689261.0,4004211607.0,4458936851.0,4619842708.0,7359626112.0,-1558247590.0,2606260702.1666665,2485175999.0833335,4212202266.8333335,4017042914.1666665,6818462969.0,6502218913.25,-1605941564.6666667,-1531866915.0833333
2018-04-01,2606763218.0,3834804867.0,4308132574.0,5127302111.0,6914895792.0,-1701369356.0,2621576019.6666665,2509016680.5,4204380682.6666665,4078773799.75,6825956702.333333,6587790480.25,-1582804663.0,-1569757119.25
2018-05-01,2955868837.0,4177855907.0,4362782601.0,4381306919.0,7318651438.0,-1406913764.0,2678060944.5,2541017403.8333335,4273595868.5,4101200178.0833335,6951656813.0,6642217581.916667,-1595534924.0,-1560182774.25
2018-06-01,3034970281.0,3911597945.0,5017073307.0,5309191834.0,8052043588.0,-1982103026.0,2744475985.5,2593262302.0,4423497611.666667,4199979598.0,7167973597.166667,6793241900.0,-1679021626.1666667,-1606717296.0
2018-07-01,2959915637.0,3908101433.0,4680199939.0,4498961147.0,7640115576.0,-1720284302.0,2814082673.3333335,2637445902.0,4458965216.166667,4258041473.0,7273047889.5,6895487375.0,-1644882542.8333333,-1620595571.0
2018-08-01,2568231350.0,3816370807.0,4325407016.0,4894067782.0,6893638366.0,-1757175666.0,2837739764.0,2681944484.4166665,4525422048.0,4309778089.916667,7363161812.0,6991722574.333333,-1687682284.0,-1627833605.5
2018-09-01,2672023757.0,3444948077.0,4514012488.0,4772857416.0,7186036245.0,-1841988731.0,2799628846.6666665,2702944774.4166665,4534601320.833333,4373401793.833333,7334230167.5,7076346568.25,-1734972474.1666667,-1670457019.4166667
2018-10-01,3152443524.0,3877371552.0,5228559445.0,5357051003.0,8381002969.0,-2076115921.0,2890575564.3333335,2756075792.0,4688005799.333333,4446193241.0,7578581363.666667,7202269033.0,-1797430235.0,-1690117449.0
2018-11-01,3060317483.0,4018143545.0,4563115795.0,4860126712.0,7623433278.0,-1502798312.0,2907983672.0,2793022308.25,4721394665.0,4497495266.75,7629378337.0,7290517575.0,-1813410993.0,-1704472958.5
2018-12-01,2592602095.0,3627824134.0,4267549693.0,4742328831.0,6860151788.0,-1674947598.0,2834255641.0,2789365813.25,4596474062.666667,4509985837.166667,7430729703.666667,7299351650.416667,-1762218421.6666667,-1720620023.9166667
2019-01-01,2507246367.0,3041939936.0,4627608273.0,5214292911.0,7134854640.0,-2120361906.0,2758810762.6666665,2786446718.0,4587708785.0,4523337000.583333,7346519547.666667,7309783718.583333,-1828898022.3333333,-1736890282.5833333
2019-02-01,2691249973.0,3613517663.0,4262502555.0,4169284270.0,6953752528.0,-1571252582.0,2779313866.5,2808526815.25,4577224708.166667,4551323378.083333,7356538574.666667,7359850193.333333,-1797910841.6666667,-1742796562.8333333
2019-03-01,2808923178.0,3465694938.0,4772551211.0,5052592107.0,7581474389.0,-1963628033.0,2802130436.6666665,2800879641.6666665,4620314495.333333,4577457908.083333,7422444932.0,7378337549.75,-1818184058.6666667,-1776578266.4166667
2019-04-01,2978589964.0,4049918604.0,4607359792.0,4544593528.0,7585949756.0,-1628769828.0,2773154843.3333335,2831865203.8333335,4516781219.833333,4602393509.583333,7289936063.166667,7434258713.416667,-1743626376.5,-1770528305.75
2019-05-01,3071056487.0,4253740334.0,5187230588.0,5086063230.0,8258287075.0,-2116174101.0,2774944677.3333335,2841464174.6666665,4620800352.0,4671097508.5,7395745029.333333,7512561683.166667,-1845855674.6666667,-1829633333.8333333
2019-06-01,2786409458.0,3817680383.0,4364391244.0,4170123994.0,7150800702.0,-1577981786.0,2807245904.5,2820750772.75,4636940610.5,4616707336.583333,7444186515.0,7437458109.333333,-1829694706.0,-1795956563.8333333
2019-07-01,3210290067.0,4160328816.0,5100034920.0,5148392091.0,8310324987.0,-1889744853.0,2924419854.5,2841615308.5833335,4715678385.0,4651693585.0,7640098239.5,7493308893.583333,-1791258530.5,-1810078276.4166667
2019-08-01,2399255197.0,3531148511.0,4147542398.0,4706478274.0,6546797595.0,-1748287201.0,2875754058.5,2827533962.5,4696518358.833333,4636871533.5,7572272417.333333,7464405496.0,-1820764300.3333333,-1809337571.0
2019-09-01,2860110669.0,3816969714.0,4807029500.0,4947783043.0,7667140169.0,-1946918831.0,2884285307.0,2843207871.8333335,4702264740.333333,4661289617.833333,7586550047.333333,7504497489.666667,-1817979433.3333333,-1818081746.0
2019-10-01,2907875115.0,3587569387.0,4914719288.0,4834014274.0,7822594403.0,-2006844173.0,2872499498.8333335,2822827171.0833335,4753491323.0,4635136271.416667,7625990821.833333,7457963442.5,-1880991824.1666667,-1812309100.3333333
2019-11-01,2736020089.0,3579032868.0,4393653043.0,4375964865.0,7129673132.0,-1657632954.0,2816660099.1666665,2795802388.25,4621228398.833333,4621014375.416667,7437888498.0,7416816763.666667,-1804568299.6666667,-1825211987.1666667
2019-12-01,2907457253.0,3851251486.0,4542113831.0,4354225084.0,7449571084.0,-1634656578.0,2836834731.6666665,2822040318.0833335,4650848830.0,4643894720.25,7487683561.666667,7465935038.333333,-1814014098.3333333,-1821854402.1666667
2020-01-01,2856772224.0,3413935201.0,4759235967.0,4860277868.0,7616008191.0,-1902463743.0,2777915091.1666665,2851167472.8333335,4594049004.5,4654863694.75,7371964095.666667,7506031167.583333,-1816133913.3333333,-1803696221.9166667
2020-02-01,2655613829.0,3478736357.0,4376719632.0,4126930692.0,7032333461.0,-1721105803.0,2820641529.8333335,2848197794.1666665,4632245210.166667,4664381784.5,7452886740.0,7512579578.666667,-1811603680.3333333,-1816183990.3333333
2020-03-01,2470693638.0,3792712883.0,4136855377.0,4849971640.0,6607549015.0,-1666161739.0,2755738691.3333335,2820011999.1666665,4520549523.0,4611407131.666667,7276288214.333333,7431419130.833333,-1764810831.6666667,-1791395132.5
2020-04-01,2120241897.0,3515569102.0,3201122192.0,4856968357.0,5321364089.0,-1080880295.0,2624466488.3333335,2748482993.5833335,4234950007.0,4494220665.0,6859416495.333333,7242703658.583333,-1610483518.6666667,-1745737671.4166667
2020-05-01,2136122662.0,3322688520.0,3286147789.0,4354265357.0,5422270451.0,-1150025127.0,2524483583.8333335,2670571841.5,4050365798.0,4335797098.416667,6574849381.833333,7006368939.916667,-1525882214.1666667,-1665225256.9166667
2020-06-01,2573632403.0,3670242868.0,4017627456.0,4258730882.0,6591259859.0,-1443995053.0,2468846108.8333335,2652840420.25,3962951402.1666665,4306900116.083333,6431797511.0,6959740536.333333,-1494105293.3333333,-1654059695.8333333
2020-07-01,2929201509.0,3839998335.0,4580664836.0,5106717749.0,7509866345.0,-1651463327.0,2480917656.3333335,2629416373.75,3933189547.0,4263619275.75,6414107203.333333,6893035649.5,-1452271890.6666667,-1634202902.0
2020-08-01,2078816241.0,3389460319.0,3613056344.0,4881747022.0,5691872585.0,-1534240103.0,2384784725.0,2602713127.4166665,3805912332.3333335,4219078771.25,6190697057.333333,6821791898.666667,-1421127607.3333333,-1616365643.8333333
2020-09-01,2583756231.0,3512292787.0,4235416774.0,3942276345.0,6819173005.0,-1651660543.0,2403628490.5,2579683590.9166665,3822339231.8333335,4171444377.4166665,6225967722.333333,6751127968.333333,-1418710741.3333333,-1591760786.5
2020-10-01,2716256214.0,3466273637.0,4131937421.0,4120014245.0,6848193635.0,-1415681207.0,2502964210.0,2563715349.1666665,3977475103.3333335,4106212555.1666665,6480439313.333333,6669927904.333333,-1474510893.3333333,-1542497206.0
2020-11-01,2647298871.0,3731766093.0,4081833588.0,4587610622.0,6729132459.0,-1434534717.0,2588160244.8333335,2556321914.3333335,4110089403.1666665,4080227600.5833335,6698249648.0,6636549514.916667,-1521929158.3333333,-1523905686.25
2020-12-01,3032273659.0,3980149391.0,4533191632.0,5286445561.0,7565465291.0,-1500917973.0,2664600454.1666665,2566723281.5,4196016765.8333335,4079484084.0,6860617220.0,6646207365.5,-1531416311.6666667,-1512760802.5
2021-01-01,2523158006.0,3152100849.0,4005575715.0,4497405483.0,6528733721.0,-1482417709.0,2596926537.0,2538922096.6666665,4100168579.0,4016679063.0,6697095116.0,6555601159.666667,-1503242042.0,-1477756966.3333333
2021-02-01,2905749373.0,3531237692.0,4064927488.0,4082651826.0,6970676861.0,-1159178115.0,2734748725.6666665,2559766725.3333335,4175480436.3333335,3990696384.3333335,6910229162.0,6550463109.666667,-1440731710.6666667,-1430929659.0
2021-03-01,3355990520.0,3955782081.0,5463453406.0,5157450876.0,8819443926.0,-2107462886.0,2863454440.5,2633541465.5,4380153208.333333,4101246220.0833335,7243607648.833333,6734787685.583333,-1516698767.8333333,-1467704754.5833333
2021-04-01,3196220611.0,3866203632.0,5032376097.0,5027451781.0,8228596708.0,-1836155486.0,2943448506.6666665,2723206358.3333335,4530226321.0,4253850712.1666665,7473674827.666667,6977057070.5,-1586777814.3333333,-1530644353.8333333
2021-05-01,3238722629.0,4296989226.0,4914976803.0,4654236352.0,8153699432.0,-1676254174.0,3042019133.0,2815089688.9166665,4669083523.5,4389586463.333333,7711102656.5,7204676152.25,-1627064390.5,-1574496774.4166667
2021-06-01,3396479137.0,3926801975.0,5380544662.0,4660735586.0,8777023799.0,-1984065525.0,3102720046.0,2883660250.0833335,4810309028.5,4503162897.166667,7913029074.5,7386823147.25,-1707588982.5,-1619502647.0833333
2021-07-01,3559942978.0,3839405844.0,5798174154.0,5464958687.0,9358117132.0,-2238231176.0,3275517541.3333335,2936222039.1666665,5109075435.0,4604622007.0,8384592976.333333,7540844046.166667,-1833557893.6666667,-1668399967.8333333
2021-08-01,2818853488.0,3649939556.0,5040010958.0,4826015980.0,7858864446.0,-2221157470.0,3261034893.8333335,2997891809.75,5271589346.666667,4723534891.5,8532624240.5,7721426701.25,-2010554452.8333333,-1725643081.75
2021-09-01,3742540510.0,4109950451.0,5857752348.0,4944342553.0,9600292858.0,-2115211838.0,3325459892.1666665,3094457166.3333335,5337305837.0,4858729522.666667,8662765729.166666,7953186689.0,-2011845944.8333333,-1764272356.3333333
2021-10-01,3705358118.0,3762129585.0,6075885222.0,5085102895.0,9781243340.0,-2370527104.0,3410316143.3333335,3176882325.0,5511224024.5,5020725172.75,8921540167.833334,8197607497.75,-2100907881.1666667,-1843842847.75
2021-11-01,3932254779.0,3906010266.0,6873593756.0,5967239151.0,10805848535.0,-2941338977.0,3525904835.0,3283961984.0,5837660183.333333,5253371853.416667,9363565018.333334,8537333837.416667,-2311755348.3333335,-1969409869.4166667
2021-12-01,3596276179.0,3666370637.0,6859632044.0,5267502718.0,10455908223.0,-3263355865.0,3559204342.0,3330962194.0,6084174747.0,5447241887.75,9643379089.0,8778204081.75,-2524970405.0,-2116279693.75
2022-01-01,3474354838.0,3507398144.0,6595714859.0,4899590715.0,10070069697.0,-3121360021.0,3544939652.0,3410228596.6666665,6217098197.833333,5663086816.416667,9762037849.833334,9073315413.083334,-2672158545.8333335,-2252858219.75
2022-02-01,3706349487.0,3185799019.0,7139892511.0,5296019325.0,10846241998.0,-3433543024.0,3692855651.8333335,3476945272.8333335,6567078456.666667,5919333901.666667,10259934108.5,9396279174.5,-2874222804.8333335,-2442388628.8333335
2022-03-01,4639748832.0,3720421417.0,7208947853.0,4222759592.0,11848696685.0,-2569199021.0,3842390372.1666665,3583925132.1666665,6792277707.5,6064791772.25,10634668079.666666,9648716904.416666,-2949887335.3333335,-2480866640.0833335
2022-04-01,4182620673.0,3452639347.0,7067327404.0,4663861912.0,11249948077.0,-2884706731.0,3921934131.3333335,3666125137.3333335,6957518071.166667,6234371047.833333,10879452202.5,9900496185.166666,-3035583939.8333335,-2568245910.5
2022-05-01,4844228093.0,3945441289.0,8202461848.0,4989241629.0,13046689941.0,-3358233755.0,4073929683.6666665,3799917259.3333335,7178996086.5,6508328134.916667,11252925770.166666,10308245394.25,-3105066402.8333335,-2708410875.5833335
2022-06-01,5480612469.0,4291214642.0,8575083733.0,5372543371.0,14055696202.0,-3094471264.0,4387985732.0,3973595037.0,7464904701.333333,6774539724.166667,11852890433.333334,10748134761.166666,-3076918969.3333335,-2800944687.1666665
2022-07-01,5172476138.0,3917932472.0,8169742443.0,5031801173.0,13342218581.0,-2997266305.0,4671005948.666667,4107972800.3333335,7727242632.0,6972170414.916667,12398248580.666666,11080143215.25,-3056236683.3333335,-2864197614.5833335
2022-08-01,4950047833.0,4046871521.0,7824499232.0,5063231028.0,12774547065.0,-2874451399.0,4878289006.333333,4285572329.0833335,7841343752.166667,7204211104.416667,12719632758.5,11489783433.5,-2963054745.8333335,-2918638775.3333335
2022-09-01,4848928474.0,3808388037.0,8535451183.0,4958978779.0,13384379657.0,-3686522709.0,4913152280.0,4377771326.083333,8062427640.5,7427352674.0,12975579920.5,11805124000.083334,-3149275360.5,-3049581347.9166665
2022-10-01,4849095018.0,3635183700.0,8953753621.0,5449274243.0,13802848639.0,-4104658603.0,5024231337.5,4473082734.416667,8376832010.0,7667175040.583333,13401063347.5,12140257775.0,-3352600672.5,-3194092306.1666665
2022-11-01,4887704933.0,3441426518.0,8617199104.0,5950690243.0,13504904037.0,-3729494171.0,5031477477.5,4552703580.583333,8445954886.0,7812475486.25,13477432363.5,12365179066.833334,-3414477408.5,-3259771905.6666665
2022-12-01,4726018456.0,3657738508.0,7662660327.0,4576467444.0,12388678783.0,-2936641871.0,4905711808.666667,4646848770.333333,8293884318.333333,7879394509.833333,13199596127.0,12526243280.166666,-3388172509.6666665,-3232545739.5
2023-01-01,4518864812.0,3743283233.0,6994940298.0,4794003205.0,11513805110.0,-2476075486.0,4796776587.666667,4733891268.166667,8098083960.833333,7912663296.416667,12894860548.5,12646554564.583334,-3301307373.1666665,-3178772028.25
2023-02-01,4486104878.0,3765234121.0,6767098992.0,4596370909.0,11253203870.0,-2280994114.0,4719452761.833333,4798870884.083333,7921850587.5,7881597169.833333,12641303349.333334,12680468053.916666,-3202397825.6666665,-3082726285.75
2023-03-01,4853844623.0,4212656641.0,7441134239.0,5316159550.0,12294978862.0,-2587289616.0,4720272120.0,4816712200.0,7739464430.166667,7900946035.333333,12459736550.166666,12717658235.333334,-3019192310.1666665,-3084233835.3333335
2023-04-01,4019989264.0,3778993790.0,6247379314.0,4377064963.0,10267368578.0,-2227390050.0,4582087827.666667,4803159582.583333,7288402045.666667,7832617027.833333,11870489873.333334,12635776610.416666,-2706314218.0,-3029457445.25
2023-05-01,4083194274.0,3532719083.0,7079511033.0,4923870213.0,11162705307.0,-2996316759.0,4448002717.833333,4739740097.666667,7032120700.5,7739037793.25,11480123418.333334,12478777890.916666,-2584117982.6666665,-2999297695.5833335
2023-06-01,4169965911.0,3730507627.0,6786574101.0,5003837961.0,10956540012.0,-2616608190.0,4355327293.666667,4630519551.166667,6886106329.5,7589995323.916667,11241433623.166666,12220514875.083334,-2530779035.8333335,-2959475772.75
2023-07-01,4353648035.0,3963168292.0,6897329266.0,5222868512.0,11250977301.0,-2543681231.0,4327791164.166667,4562283875.916667,6869837824.166667,7483960892.5,11197628988.333334,12046244768.416666,-2542046660.0,-2921677016.5833335
2023-08-01,3736829856.0,3755865069.0,6453049930.0,5272272961.0,10189879786.0,-2716220074.0,4202911993.8333335,4461182377.833333,6817496313.833333,7369673450.666667,11020408307.666666,11830855828.5,-2614584320.0,-2908491072.8333335
2023-09-01,4315456672.0,3659486040.0,7024447175.0,5187551265.0,11339903847.0,-2708990503.0,4113180668.6666665,4416726394.333333,6748048469.833333,7243756450.0,10861229138.5,11660482844.333334,-2634867801.1666665,-2827030055.6666665
2023-10-01,4436085545.0,3688880061.0,7273109677.0,5372882978.0,11709195222.0,-2837024132.0,4182530048.8333335,4382308938.25,6919003530.333333,7103702788.0,11101533579.166666,11486011726.25,-2736473481.5,-2721393849.75
2023-11-01,4304294649.0,3812099074.0,6983664867.0,4833165108.0,11287959516.0,-2679370218.0,4219380111.3333335,4333691414.583333,6903029169.333333,6967574934.916667,11122409280.666666,11301266349.5,-2683649058.0,-2633883520.3333335
2023-12-01,3739101870.0,3642899188.0,7140098393.0,4776287195.0,10879200263.0,-3400996523.0,4147569437.8333335,4251448365.75,6961949884.666667,6924028107.083333,11109519322.5,11175476472.833334,-2814380446.8333335,-2672579741.3333335
2024-01-01,4010036207.0,3758367721.0,6636542076.0,5325138878.0,10646578283.0,-2626505869.0,4090300799.8333335,4209045982.0,6918485353.0,6894161588.583333,11008786152.833334,11103207570.583334,-2828184553.1666665,-2685115606.5833335
2024-02-01,4042694311.0,3548363467.0,7058675422.0,5433675687.0,11101369733.0,-3015981111.0,4141278209.0,4172095101.4166665,7019422935.0,6918459624.416667,11160701144.0,11090554725.833334,-2878144726.0,-2746364523.0
2024-03-01,4296422960.0,3655572679.0,6751204633.0,4748238762.0,11047627593.0,-2454781673.0,4138105923.6666665,4125643296.1666665,6973882511.333333,6860965490.583333,11111988435.0,10986608786.75,-2835776587.6666665,-2735322194.4166665
2024-04-01,4483021153.0,3927977091.0,7570580406.0,5471133831.0,12053601559.0,-3087559253.0,4145928525.0,4164229286.9166665,7023460966.166667,6971232248.25,11169389491.166666,11135461535.166666,-2877532441.1666665,-2807002961.3333335
2024-05-01,4230874624.0,3802225325.0,7620626412.0,5889111975.0,11851501036.0,-3389751788.0,4133691854.1666665,4176535982.75,7129621223.666667,7016325196.5,11263313077.833334,11192861179.25,-2995929369.5,-2839789213.75
2024-06-01,4306481022.0,4005154195.0,6705567644.0,4824159990.0,11012048666.0,-2399086622.0,4228255046.1666665,4187912242.0,7057199432.166667,7009574658.416667,11285454478.333334,11197486900.416666,-2828944386.0,-2821662416.4166665
2024-07-01,4710038666.0,4066503355.0,7559111417.0,5229927382.0,12269150083.0,-2849072751.0,4344922122.666667,4217611461.25,7210960989.0,7064723171.0,11555883111.666666,11282334632.25,-2866038866.3333335,-2847111709.75
2024-08-01,3683583736.0,3578668384.0,6306398957.0,4994963994.0,9989982693.0,-2622815221.0,4285070360.1666665,4213174284.5833335,7085581578.166667,7052502256.583333,11370651938.333334,11265676541.166666,-2800511218.0,-2839327972.0
2024-09-01,4085355115.0,3449289716.0,7219297479.0,5499004323.0,11304652594.0,-3133942364.0,4249892386.0,4193999154.8333335,7163597052.5,7068739781.916667,11413489438.5,11262738936.75,-2913704666.5,-2874740627.0833335
2024-10-01,4021588163.0,3496016829.0,7272260323.0,5204083653.0,11293848486.0,-3250672160.0,4172986887.6666665,4159457706.3333335,7113877038.666667,7068669002.416667,11286863926.333334,11228126708.75,-2940890151.0,-2909211296.0833335
2024-11-01,4053808574.0,3599039213.0,7353244335.0,5412833175.0,11407052909.0,-3299435761.0,4143475879.3333335,4138583866.75,7069313359.166667,7099467291.416667,11212789238.5,11238051158.166666,-2925837479.8333335,-2960883424.6666665
2024-12-01,4078956137.0,3550797353.0,7548130668.0,5071035277.0,11627086805.0,-3469174531.0,4105555065.1666665,4166905055.6666665,7209740529.833333,7133469981.0,11315295595.0,11300375036.666666,-3104185464.6666665,-2966564925.3333335
2025-01-01,4122099285.0,3662174684.0,6958663397.0,5380403931.0,11080762682.0,-2836564112.0,4007565168.3333335,4176243645.5,7109665859.833333,7160313424.416667,11117231028.166666,11336557069.916666,-3102100691.5,-2984069778.9166665
2025-02-01,4066537264.0,3426196884.0,6509355915.0,4319736421.0,10575893179.0,-2442818651.0,4071390756.3333335,4178230558.25,7143492019.5,7114536798.833333,11214882775.833334,11292767357.083334,-3072101263.1666665,-2936306240.5833335
2025-03-01,3953278745.0,3268858911.0,7134088353.0,4949333372.0,11087367098.0,-3180809608.0,4049378028.0,4149635207.0,7129290498.5,7146443775.5,11178668526.5,11296078982.5,-3079912470.5,-2996808568.5
2025-04-01,3830911000.0,3250850765.0,6711412820.0,4184190289.0,10542323820.0,-2880501820.0,4017598500.8333335,4095292694.25,7035815914.666667,7074846476.666667,11053414415.5,11170139170.916666,-3018217413.8333335,-2979553782.4166665
2025-05-01,4196377013.0,3885216348.0,6519422775.0,4455998492.0,10715799788.0,-2323045762.0,4041359907.3333335,4092417893.3333335,6896845654.666667,6983079506.916667,10938205562.0,11075497400.25,-2855485747.3333335,-2890661613.5833335
2025-06-01,3957825381.0,3488639771.0,7148704825.0,5185436781.0,11106530206.0,-3190879444.0,4021171448.0,4063363256.5833335,6830274680.833333,7020007605.333333,10851446128.833334,11083370861.916666,-2809103232.8333335,-2956644348.75
2025-07-01,4373888352.0,3617080017.0,7380744724.0,4991234012.0,11754633076.0,-3006856372.0,4063136292.5,4035350730.4166665,6900621568.666667,7005143714.25,10963757861.166666,11040494444.666666,-2837485276.1666665,-2969792983.8333335
2025-08-01,3362296926.0,3418559557.0,5472336058.0,4182622712.0,8834632984.0,-2110039132.0,3945762902.8333335,4008576829.5833335,6727784925.833333,6935638472.666667,10673547828.666666,10944215302.25,-2782022023.0,-2927061643.0833335
2025-09-01,4268083895.0,3996278318.0,6979712713.0,5100959117.0,11247796608.0,-2711628818.0,3998230427.8333335,4023804227.9166665,6702055652.5,6915673075.5,10700286080.333334,10939477303.416666,-2703825224.6666665,-2891868847.5833335
2025-10-01,4279053599.0,3847139123.0,6983066940.0,4763559068.0,11262120539.0,-2704013341.0,4072920861.0,4045259680.9166665,6747331339.166667,6891573626.916667,10820252200.166666,10936833307.833334,-2674410478.1666665,-2846313946.0
2025-11-01,4086472247.0,3782291691.0,6917342590.0,5453063136.0,11003814837.0,-2830870343.0,4054603400.0,4047981653.6666665,6813651308.333333,6855248481.5,10868254708.333334,10903230135.166666,-2759047908.3333335,-2807266827.8333335
2025-12-01,4161273159.0,3838829122.0,7738656820.0,5248485713.0,11899929979.0,-3577383661.0,4088511363.0,4054841405.5,6911976640.833333,6871125660.833333,11000488003.833334,10925967066.333334,-2823465277.8333335,-2816284255.3333335
2026-01-01,3676993518.0,3105709864.0,6522080006.0,5315864557.0,10199073524.0,-2845086488.0,3972362224.0,4017749258.25,6768865854.5,6834743711.583333,10741228078.5,10852492969.833334,-2796503630.5,-2816994453.3333335
2026-02-01,3940324701.0,3048838221.0,6754673385.0,4941315630.0,10694998086.0,-2814348684.0,4068700186.5,4007231544.6666665,6982588742.333333,6855186834.083333,11051288928.833334,10862418378.75,-2913888555.8333335,-2847955289.4166665
2026-03-01,4909392084.0,3397653225.0,7687788943.0,5463727753.0,12597181027.0,-2778396859.0,4175584884.6666665,4086907656.25,7100601447.333333,6901328549.916667,11276186332.0,10988236206.166666,-2925016562.6666665,-2814420893.6666665
2026-04-01,5014721811.0,3406937816.0,7383789153.0,4664150522.0,12398510964.0,-2369067342.0,4298196253.333333,4185558557.1666665,7167388482.833333,6957359911.0,11465584736.166666,11142918468.166666,-2869192229.5,-2771801353.8333335
2026-05-01,5091971723.0,3617655541.0,7709930458.0,5129600926.0,12801902181.0,-2617958735.0,4465779499.333333,4260191449.6666665,7299486460.833333,7056568884.583333,11765265960.166666,11316760334.25,-2833706961.5,-2796377434.9166665
2026-06-01,5000310099.0,3676680186.0,7616081774.0,4698463704.0,12616391873.0,-2615771675.0,4605618989.333333,4347065176.166667,7279057286.5,7095516963.666667,11884676275.833334,11442582139.833334,-2673438297.1666665,-2748451787.5
