date,Greece,EU_Total,EU_Median
1980-Q1,,,16.4
1980-Q2,,,17.95
1980-Q3,,,17.65
1980-Q4,,,17.25
1981-Q1,,,17.56
1981-Q2,,,17.41
1981-Q3,,,17.05
1981-Q4,,,15.58
1982-Q1,,,16.49
1982-Q2,,,16.41
1982-Q3,,,16.27
1982-Q4,,,14.08
1983-Q1,,,15.86
1983-Q2,,,14.88
1983-Q3,,,15.02
1983-Q4,,,14.65
1984-Q1,,,14.19
1984-Q2,,,13.53
1984-Q3,,,14.0
1984-Q4,,,13.55
1985-Q1,,,12.56
1985-Q2,,,12.56
1985-Q3,,,13.8
1985-Q4,,,13.13
1986-Q1,,,13.09
1986-Q2,,,11.96
1986-Q3,,,11.96
1986-Q4,,,12.11
1987-Q1,,,10.96
1987-Q2,,,11.4
1987-Q3,,,11.4
1987-Q4,,,10.09
1988-Q1,,,10.67
1988-Q2,,,11.07
1988-Q3,,,10.66
1988-Q4,,,11.15
1989-Q1,,,10.68
1989-Q2,,,10.12
1989-Q3,,,11.34
1989-Q4,,,12.06
1990-Q1,,,12.22
1990-Q2,,,11.93
1990-Q3,,,13.16
1990-Q4,,,11.76
1991-Q1,,,12.49
1991-Q2,,,13.01
1991-Q3,,,13.02
1991-Q4,,,12.74
1992-Q1,,,13.41
1992-Q2,,,14.36
1992-Q3,,,14.17
1992-Q4,,,13.71
1993-Q1,,,14.77
1993-Q2,,,14.75
1993-Q3,,,14.28
1993-Q4,,,13.54
1994-Q1,,,13.93
1994-Q2,,,12.87
1994-Q3,,,13.19
1994-Q4,,,13.57
1995-Q1,,,11.49
1995-Q2,,,10.41
1995-Q3,,,9.855
1995-Q4,,,11.055
1996-Q1,,,9.125
1996-Q2,,,11.030000000000001
1996-Q3,,,8.345
1996-Q4,,,7.720000000000001
1997-Q1,,,6.875
1997-Q2,,,7.545
1997-Q3,,,8.26
1997-Q4,,,7.315
1998-Q1,,,7.47
1998-Q2,,,6.58
1998-Q3,,,7.335
1998-Q4,,,7.545
1999-Q1,11.76,13.62,11.76
1999-Q2,9.79,13.34,11.4
1999-Q3,8.07,13.25,11.04
1999-Q4,10.46,12.39,11.74
2000-Q1,10.59,12.5,11.78
2000-Q2,8.36,12.64,11.0
2000-Q3,6.93,12.57,11.11
2000-Q4,11.35,13.07,11.35
2001-Q1,11.1,12.95,12.02
2001-Q2,7.43,12.88,11.71
2001-Q3,3.49,13.65,12.85
2001-Q4,7.53,13.62,11.32
2002-Q1,5.15,13.0,10.77
2002-Q2,11.55,13.45,11.58
2002-Q3,9.55,13.15,11.57
2002-Q4,8.51,13.21,10.63
2003-Q1,10.04,13.38,10.54
2003-Q2,7.83,13.32,10.83
2003-Q3,12.73,13.35,11.54
2003-Q4,11.61,13.2,11.53
2004-Q1,10.85,13.08,10.81
2004-Q2,12.0,13.07,11.35
2004-Q3,12.02,13.29,10.02
2004-Q4,7.93,12.5,10.59
2005-Q1,6.24,12.64,11.63
2005-Q2,6.81,12.23,10.3
2005-Q3,7.64,12.21,11.29
2005-Q4,6.42,12.15,9.74
2006-Q1,9.2,11.98,9.4
2006-Q2,8.54,11.91,10.34
2006-Q3,10.67,12.32,8.17
2006-Q4,13.08,12.42,9.31
2007-Q1,7.67,11.87,9.71
2007-Q2,11.43,11.74,9.84
2007-Q3,11.74,11.79,8.33
2007-Q4,4.78,11.79,8.55
2008-Q1,7.24,11.8,8.28
2008-Q2,9.78,12.12,10.68
2008-Q3,11.72,12.15,11.71
2008-Q4,7.82,13.35,11.98
2009-Q1,13.23,13.42,12.66
2009-Q2,11.6,13.99,12.39
2009-Q3,8.13,13.63,13.7
2009-Q4,11.5,13.53,13.26
2010-Q1,7.32,12.99,12.13
2010-Q2,4.48,12.81,11.79
2010-Q3,2.18,12.64,12.31
2010-Q4,5.68,12.06,12.13
2011-Q1,2.0,12.05,12.13
2011-Q2,2.06,12.24,11.65
2011-Q3,1.2,11.94,11.38
2011-Q4,-1.56,12.34,10.91
2012-Q1,-3.42,11.54,11.19
2012-Q2,-5.63,11.88,11.71
2012-Q3,-8.1,11.62,10.16
2012-Q4,3.33,11.37,11.68
2013-Q1,-3.72,11.81,11.32
2013-Q2,-3.91,11.67,10.83
2013-Q3,-5.33,11.6,11.91
2013-Q4,-8.43,11.62,11.97
2014-Q1,-7.68,11.77,11.92
2014-Q2,-2.86,11.39,11.72
2014-Q3,2.1,11.7,11.63
2014-Q4,-5.86,11.37,11.72
2015-Q1,0.28,11.65,11.61
2015-Q2,-5.65,11.43,11.57
2015-Q3,3.6,11.3,10.95
2015-Q4,-4.98,11.55,10.43
2016-Q1,-2.3,11.69,11.33
2016-Q2,-3.86,11.77,10.88
2016-Q3,-4.46,11.88,11.44
2016-Q4,1.4,11.62,10.55
2017-Q1,-2.93,11.31,10.48
2017-Q2,-3.17,11.59,10.76
2017-Q3,-6.57,11.55,10.56
2017-Q4,-4.41,11.84,11.14
2018-Q1,-7.32,11.31,10.72
2018-Q2,-5.14,11.54,11.81
2018-Q3,-8.93,11.59,10.86
2018-Q4,-6.67,11.89,11.86
2019-Q1,-3.61,12.5,11.7
2019-Q2,-0.93,12.37,12.26
2019-Q3,-4.33,12.07,11.51
2019-Q4,-0.91,11.92,11.26
2020-Q1,0.93,15.89,13.29
2020-Q2,4.45,23.82,20.8
2020-Q3,-1.96,15.52,15.75
2020-Q4,-0.45,18.09,18.71
2021-Q1,7.26,19.43,19.84
2021-Q2,7.04,17.64,16.66
2021-Q3,2.86,13.98,15.16
2021-Q4,0.76,14.11,13.69
2022-Q1,-5.17,13.52,14.1
2022-Q2,-9.56,11.99,13.03
2022-Q3,-0.3,12.41,13.33
2022-Q4,-5.46,12.79,11.49
2023-Q1,-0.43,13.14,14.0
2023-Q2,-3.9,13.27,14.28
2023-Q3,-4.44,13.57,14.86
2023-Q4,-1.11,14.27,14.06
2024-Q1,-0.73,14.49,14.53
2024-Q2,-3.95,14.7,14.46
2024-Q3,-0.51,14.52,14.1
2024-Q4,-4.93,14.38,14.21
2025-Q1,-4.14,14.43,15.84
2025-Q2,-2.02,14.66,15.33
2025-Q3,-3.35,14.29,13.63
2025-Q4,-1.38,13.9,14.43
2026-Q1,-5.12,14.14,13.75
