Country,Household_NPI_Savings_Rate_2025,Country_Code,Country_En
Αυστρία,,AT,Austria
Βέλγιο,,BE,Belgium
Βουλγαρία,,BG,Bulgaria
Κύπρος,,CY,Cyprus
Τσεχία,19.2,CZ,Czech Republic
Γερμανία,18.86,DE,Germany
Δανία,14.94,DK,Denmark
Εσθονία,,EE,Estonia
Ελλάδα,,EL,Greece
Ισπανία,11.92,ES,Spain
E.E.,14.32,EU27_2020,E.U.
Φινλανδία,13.83,FI,Finland
Γαλλία,,FR,France
Κροατία,,HR,Croatia
Ουγγαρία,,HU,Hungary
Ιρλανδία,,IE,Ireland
Ιταλια,10.78,IT,Italy
Λιθουανία,,LT,Lithuania
Λουξεμβούργο,,LU,Luxembourg
Λετονία,,LV,Latvia
Μάλτα,,MT,Malta
Ολλανδία,17.38,NL,Netherlands
Πολωνία,,PL,Poland
Πορτογαλία,12.32,PT,Portugal
Ρουμανία,1.81,RO,Romania
Σουηδία,16.01,SE,Sweden
Σλοβενία,,SI,Slovenia
Σλοβακία,,SK,Slovakia
