date,twh_Renewables_EU,share_Renewables_EU,twh_Renewables_Greece,share_Renewables_Greece,twh_Renewables_World,share_Renewables_World,twh_FossilFuels_EU,share_FossilFuels_EU,twh_FossilFuels_Greece,share_FossilFuels_Greece,twh_FossilFuels_World,share_FossilFuels_World,twh_Renewables_EU_12m_avg,share_Renewables_EU_12m_avg,twh_Renewables_Greece_12m_avg,share_Renewables_Greece_12m_avg,twh_Renewables_World_12m_avg,share_Renewables_World_12m_avg,twh_FossilFuels_EU_12m_avg,share_FossilFuels_EU_12m_avg,twh_FossilFuels_Greece_12m_avg,share_FossilFuels_Greece_12m_avg,twh_FossilFuels_World_12m_avg,share_FossilFuels_World_12m_avg
2015-01-01,0.0,0.0,0.8,22.83,0.0,0.0,0.0,0.0,2.7199999999999998,77.2,0.0,0.0,,,0.8,22.83,,,,,2.7199999999999998,77.2,,
2015-02-01,0.0,0.0,1.28,40.82,0.0,0.0,0.0,0.0,1.85,59.160000000000004,0.0,0.0,,,1.04,31.825,,,,,2.285,68.18,,
2015-03-01,0.0,0.0,1.05,35.03,0.0,0.0,0.0,0.0,1.95,64.98,0.0,0.0,,,1.0433333333333332,32.89333333333334,,,,,2.1733333333333333,67.11333333333333,,
2015-04-01,0.0,0.0,1.04,40.31,0.0,0.0,0.0,0.0,1.5299999999999998,59.71,0.0,0.0,,,1.0425,34.7475,,,,,2.0124999999999997,65.2625,,
2015-05-01,0.0,0.0,0.94,34.28,0.0,0.0,0.0,0.0,1.8,65.69999999999999,0.0,0.0,,,1.022,34.654,,,,,1.97,65.35,,
2015-06-01,0.0,0.0,0.9099999999999999,31.52,0.0,0.0,0.0,0.0,1.98,68.49,0.0,0.0,,,1.0033333333333332,34.13166666666667,,,,,1.9716666666666667,65.87333333333333,,
2015-07-01,0.0,0.0,1.16,26.250000000000004,0.0,0.0,0.0,0.0,3.26,73.75,0.0,0.0,,,1.0257142857142856,33.00571428571429,,,,,2.1557142857142857,66.99857142857142,,
2015-08-01,0.0,0.0,1.17,29.590000000000003,0.0,0.0,0.0,0.0,2.76,70.4,0.0,0.0,,,1.04375,32.57875,,,,,2.2312499999999997,67.42375,,
2015-09-01,0.0,0.0,0.87,26.499999999999996,0.0,0.0,0.0,0.0,2.4,73.53,0.0,0.0,,,1.0244444444444445,31.903333333333332,,,,,2.25,68.10222222222222,,
2015-10-01,0.0,0.0,0.8400000000000001,26.939999999999998,0.0,0.0,0.0,0.0,2.27,73.05000000000001,0.0,0.0,,,1.006,31.407,,,,,2.252,68.59700000000001,,
2015-11-01,0.0,0.0,0.81,25.13,0.0,0.0,0.0,0.0,2.4299999999999997,74.89,0.0,0.0,,,0.9881818181818182,30.836363636363636,,,,,2.268181818181818,69.16909090909091,,
2015-12-01,0.0,0.0,0.76,19.32,0.0,0.0,0.0,0.0,3.13,80.7,0.0,0.0,,,0.9691666666666667,29.876666666666665,,,,,2.34,70.13000000000001,,
2016-01-01,71.88999999999999,27.94,0.89,23.54,0.0,0.0,110.77000000000001,43.05,2.8899999999999997,76.45,0.0,0.0,5.990833333333332,2.3283333333333336,0.9766666666666666,29.935833333333335,,,9.230833333333335,3.5875,2.3541666666666665,70.0675,,
2016-02-01,77.77,32.959999999999994,0.86,30.26,0.0,0.0,90.49000000000001,38.339999999999996,1.98,69.72000000000001,0.0,0.0,12.471666666666664,5.074999999999999,0.9416666666666668,29.055833333333336,,,16.77166666666667,6.782499999999999,2.3649999999999998,70.9475,,
2016-03-01,73.39,30.709999999999997,1.05,36.29,0.0,0.0,94.86999999999999,39.68,1.83,63.73,0.0,0.0,18.5875,7.634166666666665,0.9416666666666665,29.160833333333333,,,24.6775,10.089166666666666,2.355,70.84333333333333,,
2016-04-01,75.21000000000001,34.98,0.97,37.67,0.0,0.0,79.98,37.21,1.62,62.33,0.0,0.0,24.855,10.549166666666666,0.9358333333333334,28.94083333333333,,,31.3425,13.19,2.3625,71.06166666666668,,
2016-05-01,76.72,37.15,0.8999999999999999,34.14,0.0,0.0,75.83,36.739999999999995,1.74,65.87,0.0,0.0,31.248333333333335,13.644999999999998,0.9325000000000001,28.92916666666667,,,37.66166666666667,16.251666666666665,2.3574999999999995,71.07583333333334,,
2016-06-01,69.39000000000001,34.16,1.02,29.570000000000004,0.0,0.0,80.35,39.56,2.4299999999999997,70.43,0.0,0.0,37.030833333333334,16.491666666666664,0.9416666666666668,28.766666666666666,,,44.357499999999995,19.548333333333332,2.395,71.2375,,
2016-07-01,67.31,31.56,1.19,29.03,0.0,0.0,88.64,41.550000000000004,2.91,70.99000000000001,0.0,0.0,42.64,19.121666666666666,0.9441666666666667,28.99833333333333,,,51.74416666666667,23.010833333333334,2.3658333333333332,71.00750000000001,,
2016-08-01,65.78,31.39,1.1400000000000001,31.25,0.0,0.0,87.13,41.56,2.54,68.75,0.0,0.0,48.12166666666667,21.737499999999997,0.9416666666666668,29.136666666666667,,,59.004999999999995,26.474166666666665,2.3475,70.87,,
2016-09-01,55.04999999999999,26.160000000000004,0.8400000000000001,26.47,0.0,0.0,101.00000000000001,47.980000000000004,2.34,73.53999999999999,0.0,0.0,52.70916666666667,23.9175,0.9391666666666666,29.13416666666667,,,67.42166666666667,30.4725,2.3425,70.87083333333334,,
2016-10-01,55.74000000000001,24.76,0.8400000000000001,24.33,0.0,0.0,112.35,49.9,2.6100000000000003,75.65,0.0,0.0,57.354166666666664,25.980833333333333,0.9391666666666666,28.916666666666668,,,76.78416666666666,34.630833333333335,2.370833333333333,71.08749999999999,,
2016-11-01,62.650000000000006,26.16,0.8500000000000001,24.73,0.0,0.0,117.39,49.040000000000006,2.5999999999999996,75.27000000000001,0.0,0.0,62.574999999999996,28.160833333333333,0.9425,28.883333333333336,,,86.56666666666666,38.7175,2.385,71.11916666666667,,
2016-12-01,63.62,25.01,1.04,23.32,0.0,0.0,123.9,48.720000000000006,3.41,76.68,0.0,0.0,67.87666666666667,30.245,0.9658333333333333,29.21666666666667,,,96.89166666666667,42.7775,2.408333333333333,70.78416666666666,,
2017-01-01,67.0,24.439999999999998,1.1099999999999999,22.58,0.0,0.0,134.77,49.16,3.8200000000000003,77.41,0.0,0.0,67.46916666666667,29.953333333333333,0.9841666666666667,29.136666666666667,,,98.89166666666667,43.28666666666667,2.4858333333333333,70.86416666666668,,
2017-02-01,66.09,28.28,0.74,20.2,0.0,0.0,106.08999999999999,45.39,2.95,79.78999999999999,0.0,0.0,66.49583333333334,29.563333333333333,0.9741666666666666,28.298333333333332,,,100.19166666666666,43.87416666666667,2.566666666666667,71.70333333333333,,
2017-03-01,76.96,32.17,0.88,28.46,0.0,0.0,97.44,40.730000000000004,2.21,71.53999999999999,0.0,0.0,66.79333333333334,29.685,0.9600000000000001,27.645833333333332,,,100.40583333333332,43.961666666666666,2.598333333333333,72.35416666666667,,
2017-04-01,68.32000000000001,31.91,0.75,26.99,0.0,0.0,86.42,40.38,2.01,73.03999999999999,0.0,0.0,66.21916666666667,29.42916666666667,0.9416666666666668,26.75583333333334,,,100.9425,44.225833333333334,2.6308333333333334,73.24666666666666,,
2017-05-01,69.64999999999999,32.669999999999995,0.93,29.700000000000003,0.0,0.0,87.55000000000001,41.040000000000006,2.1900000000000004,70.28999999999999,0.0,0.0,65.63,29.05583333333333,0.9441666666666667,26.385833333333334,,,101.91916666666667,44.58416666666667,2.6683333333333334,73.615,,
2017-06-01,69.23,33.050000000000004,0.78,22.14,0.0,0.0,86.89,41.48,2.76,77.86,0.0,0.0,65.61666666666666,28.963333333333335,0.9241666666666667,25.766666666666666,,,102.46416666666669,44.74416666666667,2.6958333333333333,74.23416666666667,,
2017-07-01,66.00999999999999,30.39,1.07,25.69,0.0,0.0,96.12999999999998,44.25,3.1100000000000003,74.34,0.0,0.0,65.50833333333333,28.86583333333333,0.9141666666666667,25.488333333333333,,,103.08833333333332,44.969166666666666,2.7125,74.51333333333334,,
2017-08-01,64.46,30.47,1.25,28.6,0.0,0.0,89.05,42.11,3.11,71.42,0.0,0.0,65.39833333333333,28.78916666666667,0.9233333333333333,25.267500000000002,,,103.24833333333333,45.01500000000001,2.76,74.73583333333333,,
2017-09-01,62.839999999999996,29.930000000000003,0.8300000000000001,24.35,0.0,0.0,90.56,43.11,2.5700000000000003,75.66,0.0,0.0,66.0475,29.103333333333335,0.9225,25.090833333333332,,,102.37833333333333,44.60916666666666,2.779166666666667,74.91250000000001,,
2017-10-01,68.8,30.689999999999998,0.87,24.049999999999997,0.0,0.0,98.71999999999998,44.05,2.7199999999999998,75.97999999999999,0.0,0.0,67.13583333333334,29.5975,0.9249999999999999,25.0675,,,101.24249999999999,44.12166666666667,2.7883333333333336,74.94,,
2017-11-01,65.2,27.169999999999998,0.6799999999999999,17.94,0.0,0.0,114.9,47.88,3.09,82.03999999999999,0.0,0.0,67.34833333333334,29.68166666666666,0.9108333333333335,24.501666666666665,,,101.03500000000001,44.025,2.829166666666666,75.50416666666666,,
2017-12-01,78.32,30.89,1.04,26.82,0.0,0.0,105.0,41.410000000000004,2.8499999999999996,73.16,0.0,0.0,68.57333333333334,30.171666666666667,0.9108333333333333,24.793333333333333,,,99.46,43.41583333333333,2.7825,75.21083333333333,,
2018-01-01,82.4,32.18,0.8300000000000001,21.89,0.0,0.0,100.95,39.42,2.96,78.08,0.0,0.0,69.85666666666667,30.816666666666666,0.8875000000000001,24.735833333333336,,,96.64166666666667,42.604166666666664,2.7108333333333334,75.26666666666667,,
2018-02-01,70.61,29.03,0.9199999999999999,26.64,0.0,0.0,107.04,44.01,2.52,73.32,0.0,0.0,70.23333333333333,30.879166666666666,0.9025,25.272500000000004,,,96.72083333333335,42.48916666666667,2.6750000000000003,74.72749999999999,,
2018-03-01,87.06,34.32,1.75,50.29,0.0,0.0,99.7,39.29,1.74,49.68000000000001,0.0,0.0,71.075,31.058333333333334,0.975,27.09166666666667,,,96.90916666666668,42.369166666666665,2.6358333333333333,72.90583333333333,,
2018-04-01,83.02,39.23,1.21,44.239999999999995,0.0,0.0,71.68,33.87,1.52,55.75,0.0,0.0,72.3,31.668333333333333,1.0133333333333334,28.529166666666665,,,95.68083333333333,41.82666666666667,2.595,71.465,,
2018-05-01,80.41,38.49,0.98,31.39,0.0,0.0,74.0,35.43,2.1500000000000004,68.62,0.0,0.0,73.19666666666667,32.153333333333336,1.0174999999999998,28.669999999999998,,,94.55166666666666,41.35916666666667,2.5916666666666663,71.32583333333334,,
2018-06-01,72.69999999999999,35.36,0.98,27.650000000000002,0.0,0.0,78.61999999999999,38.24,2.57,72.35,0.0,0.0,73.48583333333333,32.34583333333333,1.0341666666666667,29.129166666666666,,,93.8625,41.08916666666667,2.575833333333333,70.86666666666666,,
2018-07-01,65.97999999999999,30.199999999999996,0.97,24.58,0.0,0.0,94.49,43.26,2.98,75.43,0.0,0.0,73.48333333333333,32.330000000000005,1.0258333333333334,29.036666666666665,,,93.72583333333334,41.00666666666667,2.565,70.9575,,
2018-08-01,64.07000000000001,30.2,1.28,31.130000000000003,0.0,0.0,93.32000000000001,43.96000000000001,2.83,68.9,0.0,0.0,73.45083333333334,32.3075,1.0283333333333333,29.2475,,,94.08166666666666,41.160833333333336,2.5416666666666665,70.74749999999999,,
2018-09-01,62.93,29.980000000000004,1.06,28.849999999999998,0.0,0.0,91.93,43.779999999999994,2.62,71.15,0.0,0.0,73.45833333333333,32.31166666666667,1.0475,29.622500000000002,,,94.19583333333334,41.21666666666667,2.545833333333333,70.37166666666666,,
2018-10-01,66.85999999999999,29.69,0.8899999999999999,25.799999999999997,0.0,0.0,99.47,44.18,2.5700000000000003,74.2,0.0,0.0,73.29666666666667,32.22833333333333,1.0491666666666666,29.768333333333334,,,94.25833333333334,41.2275,2.533333333333333,70.22333333333334,,
2018-11-01,68.45,28.900000000000002,0.9500000000000001,26.19,0.0,0.0,108.67,45.89,2.66,73.81,0.0,0.0,73.5675,32.3725,1.0716666666666665,30.455833333333334,,,93.73916666666666,41.06166666666667,2.4975,69.53750000000001,,
2018-12-01,76.95,30.990000000000002,0.8400000000000001,20.229999999999997,0.0,0.0,102.69,41.36,3.34,79.75999999999999,0.0,0.0,73.45333333333333,32.380833333333335,1.055,29.906666666666666,,,93.54666666666667,41.057500000000005,2.5383333333333336,70.08749999999999,,
2019-01-01,79.63999999999999,29.720000000000002,1.1,23.52,525.7900000000001,23.25,116.29999999999998,43.42,3.5700000000000003,76.51,1492.13,66.0,73.22333333333334,32.17583333333334,1.0775,30.0425,43.81583333333334,1.9375,94.82583333333334,41.39083333333333,2.589166666666667,69.95666666666666,124.34416666666668,5.5
2019-02-01,72.7,31.380000000000003,1.03,30.740000000000002,498.88999999999993,25.360000000000003,94.09,40.61,2.32,69.28,1248.5600000000002,63.46000000000001,73.3975,32.37166666666667,1.0866666666666667,30.38416666666667,85.39,4.050833333333333,93.74666666666667,41.1075,2.5725000000000002,69.62,228.39083333333338,10.788333333333334
2019-03-01,88.59,37.18,1.07,34.81999999999999,566.2,26.64,82.92,34.81,2.0,65.19,1326.77,62.41,73.52499999999999,32.61000000000001,1.03,29.095,132.57333333333335,6.270833333333333,92.34833333333334,40.73416666666667,2.5941666666666667,70.9125,338.955,15.989166666666668
2019-04-01,75.57000000000001,35.269999999999996,0.85,30.299999999999997,558.2800000000001,27.93,78.07000000000001,36.44,1.96,69.71000000000001,1224.66,61.279999999999994,72.90416666666665,32.28,1.0,27.933333333333334,179.0966666666667,8.598333333333334,92.88083333333333,40.94833333333333,2.6308333333333334,72.07583333333334,441.01000000000005,21.095833333333335
2019-05-01,79.77000000000001,37.32,0.9299999999999999,34.08,609.14,28.86,76.28,35.67999999999999,1.78,65.96,1282.65,60.769999999999996,72.85083333333334,32.1825,0.9958333333333335,28.1575,229.85833333333335,11.003333333333332,93.07083333333333,40.969166666666666,2.6,71.85416666666667,547.8975,26.16
2019-06-01,76.68,37.22,1.0699999999999998,31.4,591.15,27.379999999999995,74.08,35.96999999999999,2.35,68.58,1349.54,62.529999999999994,73.18249999999999,32.3375,1.0033333333333332,28.47,279.12083333333334,13.284999999999998,92.69250000000001,40.779999999999994,2.5816666666666666,71.54,660.3591666666667,31.370833333333334
2019-07-01,71.11999999999999,32.68000000000001,1.14,29.33,614.8000000000001,25.96,88.55,40.68000000000001,2.7399999999999998,70.67999999999999,1522.93,64.32,73.61083333333333,32.54416666666666,1.0174999999999998,28.86583333333333,330.3541666666667,15.448333333333332,92.19749999999999,40.565,2.561666666666667,71.14416666666666,787.27,36.73083333333333
2019-08-01,65.42999999999999,31.549999999999997,1.4500000000000002,35.67,600.17,25.54,84.64,40.81,2.63,64.33,1519.8500000000001,64.68,73.72416666666668,32.656666666666666,1.0316666666666667,29.24416666666667,380.36833333333334,17.576666666666664,91.47416666666668,40.3025,2.5450000000000004,70.76333333333334,913.9241666666667,42.12083333333333
2019-09-01,66.61,32.290000000000006,1.05,31.47,560.5699999999999,25.94,83.84,40.63999999999999,2.27,68.54,1383.1799999999998,64.01,74.03083333333333,32.84916666666667,1.0308333333333333,29.462499999999995,427.0825,19.738333333333333,90.8,40.04083333333333,2.5158333333333336,70.54583333333333,1029.1891666666668,47.455000000000005
2019-10-01,69.0,31.049999999999997,0.83,26.939999999999998,558.12,26.52,94.42,42.489999999999995,2.24,73.01,1328.4599999999998,63.120000000000005,74.20916666666666,32.9625,1.0258333333333334,29.557499999999994,473.59250000000003,21.948333333333334,90.37916666666666,39.9,2.4883333333333333,70.44666666666667,1139.8941666666667,52.715
2019-11-01,78.72,33.76,0.81,29.0,544.15,25.720000000000002,95.75000000000001,41.080000000000005,1.98,70.94,1347.8400000000001,63.72,75.065,33.3675,1.0141666666666667,29.79166666666666,518.9383333333334,24.09166666666667,89.30250000000001,39.49916666666666,2.4316666666666666,70.2075,1252.2141666666666,58.025
2019-12-01,91.24000000000001,37.879999999999995,1.01,32.2,555.11,24.569999999999997,85.22,35.4,2.13,67.81,1462.42,64.74,76.25583333333333,33.94166666666667,1.0283333333333333,30.78916666666667,565.1975,26.139166666666668,87.84666666666668,39.002500000000005,2.3308333333333335,69.21166666666667,1374.0825000000002,63.419999999999995
2020-01-01,87.38,34.31,1.02,26.64,536.32,24.09,99.19000000000001,38.959999999999994,2.8200000000000003,73.36,1451.7999999999997,65.21000000000001,76.90083333333334,34.32416666666667,1.0216666666666667,31.049166666666665,566.075,26.209166666666665,86.42083333333333,38.630833333333335,2.2683333333333335,68.94916666666667,1370.7216666666666,63.354166666666664
2020-02-01,94.83999999999999,40.41,1.0,32.6,553.34,28.58,79.24,33.77,2.05,67.4,1167.01,60.26,78.74583333333334,35.07666666666666,1.0191666666666666,31.20416666666667,570.6125000000001,26.477499999999996,85.18333333333334,38.06083333333333,2.245833333333333,68.7925,1363.9258333333335,63.0875
2020-03-01,94.67,41.04,1.1,39.44,600.5699999999999,29.09,76.17,33.03,1.68,60.54,1238.89,59.99999999999999,79.2525,35.39833333333333,1.0216666666666667,31.58916666666666,573.4766666666667,26.68166666666667,84.62083333333334,37.9125,2.2191666666666667,68.405,1356.6025,62.88666666666666
2020-04-01,80.5,42.269999999999996,1.1,42.33,563.41,29.720000000000002,58.349999999999994,30.63,1.49,57.66,1124.22,59.300000000000004,79.66333333333334,35.98166666666666,1.0425,32.59166666666667,573.9041666666667,26.83083333333333,82.9775,37.428333333333335,2.18,67.40083333333334,1348.2324999999998,62.721666666666664
2020-05-01,84.98,44.35999999999999,1.03,39.73,607.64,30.020000000000003,58.69,30.650000000000002,1.56,60.29,1204.55,59.53,80.0975,36.568333333333335,1.0508333333333333,33.06249999999999,573.7791666666667,26.9275,81.51166666666667,37.009166666666665,2.1616666666666666,66.92833333333333,1341.7241666666666,62.61833333333334
2020-06-01,78.22,41.260000000000005,1.12,39.72,627.9999999999999,29.159999999999997,67.38,35.53,1.72,60.29,1318.6599999999999,61.220000000000006,80.22583333333334,36.905,1.055,33.755833333333335,576.85,27.075833333333332,80.95333333333333,36.972500000000004,2.109166666666667,66.2375,1339.1508333333334,62.50916666666668
2020-07-01,78.87,38.50000000000001,1.44,37.44,667.26,28.26,78.64999999999999,38.41,2.42,62.54,1479.52,62.67,80.87166666666667,37.39,1.08,34.431666666666665,581.2216666666667,27.2675,80.12833333333333,36.78333333333333,2.0825,65.55916666666667,1335.5333333333333,62.37166666666667
2020-08-01,73.68999999999998,36.7,1.22,34.92,656.5600000000001,27.380000000000006,79.05,39.37,2.3,65.09,1529.52,63.77,81.55999999999999,37.81916666666667,1.0608333333333333,34.369166666666665,585.9208333333333,27.420833333333334,79.6625,36.663333333333334,2.055,65.6225,1336.3391666666666,62.29583333333333
2020-09-01,71.07000000000001,35.370000000000005,1.45,41.41,625.0600000000001,28.599999999999994,82.41,41.03,2.05,58.61,1355.9400000000003,62.04,81.93166666666667,38.07583333333333,1.0941666666666667,35.1975,591.295,27.6425,79.54333333333334,36.69583333333333,2.0366666666666666,64.795,1334.0691666666667,62.13166666666666
2020-10-01,85.99000000000001,39.279999999999994,0.98,34.5,643.62,30.07,78.77000000000001,35.97,1.85,65.48,1286.33,60.07,83.34750000000001,38.76166666666666,1.1066666666666667,35.8275,598.4200000000001,27.938333333333333,78.23916666666666,36.152499999999996,2.0041666666666664,64.1675,1330.5583333333334,61.8775
2020-11-01,76.95,34.08,1.26,37.09,574.14,26.849999999999998,91.09,40.34,2.14,62.91,1346.58,62.94,83.2,38.788333333333334,1.1441666666666668,36.50166666666667,600.9191666666667,28.0325,77.85083333333334,36.090833333333336,2.0175,63.498333333333335,1330.4533333333334,61.8125
2020-12-01,85.22000000000001,35.25,1.14,29.76,590.46,24.92,92.56,38.29,2.68,70.22999999999999,1537.81,64.94,82.69833333333334,38.56916666666667,1.155,36.29833333333333,603.865,28.061666666666667,78.46249999999999,36.33166666666666,2.063333333333333,63.699999999999996,1336.7358333333334,61.82916666666667
2021-01-01,89.85000000000001,34.83,1.9100000000000001,45.17,594.2599999999999,24.85,100.1,38.81,2.31,54.800000000000004,1558.9,65.19,82.90416666666667,38.6125,1.2291666666666667,37.8425,608.6933333333333,28.125,78.53833333333334,36.31916666666667,2.0208333333333335,62.15333333333333,1345.6608333333334,61.82750000000001
2021-02-01,90.56000000000002,39.44,1.84,55.78,579.22,28.46,80.47,35.03,1.46,44.21,1243.6,61.09,82.5475,38.531666666666666,1.2991666666666666,39.774166666666666,610.8499999999999,28.115000000000006,78.64083333333333,36.42416666666667,1.9716666666666667,60.22083333333333,1352.0433333333333,61.89666666666667
2021-03-01,92.77,38.629999999999995,1.37,39.87,633.7700000000001,27.97,85.25999999999999,35.510000000000005,2.08,60.120000000000005,1400.9,61.84,82.38916666666667,38.33083333333333,1.3216666666666665,39.81,613.6166666666667,28.021666666666665,79.39833333333333,36.630833333333335,2.0050000000000003,60.185833333333335,1365.5441666666666,62.050000000000004
2021-04-01,84.33,38.96,1.24,36.760000000000005,617.12,28.94,78.05000000000001,36.06,2.14,63.260000000000005,1305.1100000000001,61.2,82.70833333333333,38.055,1.3333333333333333,39.34583333333333,618.0925,27.956666666666667,81.04,37.083333333333336,2.0591666666666666,60.652499999999996,1380.6183333333336,62.20833333333334
2021-05-01,95.00999999999999,45.36000000000001,1.3800000000000001,45.199999999999996,679.53,30.73,61.5,29.35,1.67,54.81,1313.19,59.39,83.54416666666667,38.13833333333333,1.3625,39.80166666666667,624.0833333333334,28.015833333333333,81.27416666666666,36.975,2.0683333333333334,60.19583333333333,1389.6716666666664,62.196666666666665
2021-06-01,81.11999999999999,39.49,1.11,32.53,656.32,28.3,71.66,34.879999999999995,2.3099999999999996,67.49,1442.02,62.18,83.78583333333333,37.990833333333335,1.3616666666666666,39.2025,626.4433333333334,27.94416666666667,81.63083333333333,36.920833333333334,2.1174999999999997,60.79583333333334,1399.9516666666666,62.27666666666667
2021-07-01,83.35000000000001,38.55,1.71,36.519999999999996,691.41,27.67,76.15,35.22,2.98,63.47,1575.8899999999999,63.06,84.15916666666666,37.995,1.3841666666666665,39.12583333333333,628.4558333333333,27.895,81.4225,36.655,2.1641666666666666,60.87333333333333,1407.9825,62.30916666666667
2021-08-01,82.33,39.300000000000004,1.56,34.230000000000004,675.62,27.2,69.82000000000001,33.31,2.99,65.77,1577.8400000000001,63.519999999999996,84.87916666666668,38.211666666666666,1.4125000000000003,39.068333333333335,630.0441666666667,27.88,80.65333333333334,36.15,2.2216666666666667,60.93000000000001,1412.0091666666667,62.288333333333334
2021-09-01,68.74,32.94,1.37,35.87,649.0600000000001,28.62,83.37,39.96,2.46,64.16,1395.29,61.53,84.685,38.009166666666665,1.4058333333333335,38.60666666666667,632.0441666666667,27.88166666666667,80.73333333333333,36.060833333333335,2.2558333333333334,61.392500000000005,1415.2883333333332,62.24583333333334
2021-10-01,81.39000000000001,36.43,1.51,38.989999999999995,651.25,29.34,82.77,37.03,2.35,60.98,1344.0800000000002,60.550000000000004,84.30166666666666,37.77166666666667,1.45,38.98083333333333,632.68,27.820833333333336,81.06666666666666,36.149166666666666,2.2975,61.017500000000005,1420.1008333333332,62.285833333333336
2021-11-01,75.21,31.750000000000004,1.28,36.58,614.7700000000001,27.749999999999996,103.05999999999999,43.5,2.2199999999999998,63.410000000000004,1372.6299999999999,61.98,84.15666666666668,37.5775,1.4516666666666669,38.93833333333333,636.0658333333333,27.895833333333332,82.06416666666667,36.4125,2.3041666666666667,61.05916666666667,1422.2716666666668,62.20583333333334
2021-12-01,88.41,34.89,2.01,44.85,637.1999999999999,26.59,103.78,40.96,2.48,55.150000000000006,1507.39,62.92,84.4225,37.5475,1.5241666666666667,40.19583333333333,639.9608333333334,28.034999999999997,82.99916666666667,36.635,2.2875,59.8025,1419.7366666666667,62.0375
2022-01-01,91.83000000000001,35.52,1.7599999999999998,44.599999999999994,624.6,25.19,103.02,39.85,2.1799999999999997,55.4,1606.8700000000001,64.81,84.5875,37.605000000000004,1.5116666666666667,40.14833333333333,642.4891666666666,28.063333333333333,83.24249999999999,36.72166666666667,2.276666666666667,59.8525,1423.7341666666664,62.00583333333333
2022-02-01,93.8,40.75999999999999,1.3,39.519999999999996,618.76,29.29,81.53999999999999,35.44,1.98,60.440000000000005,1275.29,60.379999999999995,84.8575,37.715,1.4666666666666668,38.79333333333333,645.7841666666667,28.132499999999997,83.33166666666666,36.755833333333335,2.32,61.205000000000005,1426.375,61.946666666666665
2022-03-01,85.46000000000001,35.92,1.6600000000000001,36.93,692.73,29.9,98.05999999999999,41.2,2.8400000000000003,63.06999999999999,1399.8799999999999,60.43000000000001,84.24833333333333,37.48916666666667,1.4908333333333335,38.54833333333333,650.6975,28.293333333333333,84.39833333333333,37.23,2.3833333333333333,61.45083333333333,1426.29,61.82916666666667
2022-04-01,91.77,43.22,1.52,58.59,706.68,32.63,73.22000000000001,34.48,1.08,41.47,1256.91,58.050000000000004,84.86833333333334,37.844166666666666,1.5141666666666669,40.3675,658.1608333333334,28.600833333333338,83.99583333333334,37.098333333333336,2.295,59.635,1422.2733333333333,61.56666666666666
2022-05-01,90.63,44.18,1.47,49.68,756.4,33.46000000000001,71.8,35.0,1.5,50.349999999999994,1298.68,57.440000000000005,84.50333333333334,37.74583333333333,1.5216666666666665,40.740833333333335,664.5666666666666,28.828333333333333,84.85416666666667,37.56916666666667,2.2808333333333333,59.26333333333333,1421.0641666666668,61.40416666666667
2022-06-01,82.73,40.68,1.69,43.459999999999994,756.73,31.649999999999995,78.0,38.35,2.2,56.53,1431.88,59.86,84.6375,37.845000000000006,1.57,41.651666666666664,672.9341666666667,29.107499999999998,85.38250000000001,37.858333333333334,2.271666666666667,58.349999999999994,1420.2191666666668,61.21083333333334
2022-07-01,85.01,39.83,2.1399999999999997,40.7,755.9399999999999,29.16,84.5,39.599999999999994,3.12,59.290000000000006,1618.62,62.449999999999996,84.77583333333334,37.95166666666667,1.6058333333333332,42.0,678.3116666666666,29.23166666666667,86.07833333333333,38.223333333333336,2.2833333333333337,58.001666666666665,1423.78,61.16
2022-08-01,76.55,37.379999999999995,1.71,36.03,716.17,27.52,84.99,41.5,3.0500000000000003,63.96,1666.77,64.04,84.29416666666667,37.791666666666664,1.6183333333333332,42.15,681.6908333333333,29.25833333333333,87.34249999999999,38.905833333333334,2.2883333333333336,57.850833333333334,1431.1908333333333,61.20333333333334
2022-09-01,75.03999999999999,37.58,1.47,46.010000000000005,662.51,28.71,81.79,40.94,1.73,53.989999999999995,1438.7700000000002,62.35,84.81916666666666,38.178333333333335,1.6266666666666667,42.995,682.8116666666666,29.265833333333337,87.21083333333333,38.9875,2.2274999999999996,57.00333333333333,1434.8141666666668,61.27166666666667
2022-10-01,79.53,39.27,1.71,59.67,680.8000000000001,30.71,79.41,39.21,1.17,40.35,1328.55,59.93,84.66416666666667,38.415,1.6433333333333333,44.718333333333334,685.2741666666666,29.38,86.93083333333334,39.16916666666666,2.129166666666667,55.284166666666664,1433.5199999999998,61.220000000000006
2022-11-01,82.41,38.79,1.3900000000000001,46.2,651.38,29.23,83.67999999999999,39.38999999999999,1.62,53.82000000000001,1362.06,61.12,85.26416666666667,39.001666666666665,1.6524999999999999,45.52,688.3249999999999,29.503333333333334,85.31583333333333,38.82666666666667,2.079166666666667,54.48499999999999,1432.6391666666668,61.14833333333334
2022-12-01,83.99000000000001,35.75,1.19,35.620000000000005,670.4399999999999,27.310000000000002,96.64,41.13,2.16,64.39,1548.32,63.08,84.89583333333333,39.07333333333333,1.5841666666666667,44.75083333333333,691.0949999999999,29.563333333333336,84.72083333333333,38.840833333333336,2.0525,55.255,1436.0500000000002,61.16166666666666
2023-01-01,101.27,42.26,1.45,50.96000000000001,681.52,28.33,81.27000000000001,33.919999999999995,1.39,49.059999999999995,1485.6399999999999,61.76,85.6825,39.635,1.5583333333333333,45.280833333333334,695.8383333333333,29.825000000000003,82.90833333333333,38.346666666666664,1.986666666666667,54.72666666666667,1425.9475,60.9075
2023-02-01,83.97,38.36,1.5699999999999998,49.269999999999996,651.17,29.79,83.2,38.01,1.62,50.72,1322.45,60.49,84.86333333333333,39.434999999999995,1.5808333333333333,46.093333333333334,698.5391666666666,29.866666666666664,83.04666666666667,38.560833333333335,1.9566666666666668,53.916666666666664,1429.8774999999998,60.916666666666664
2023-03-01,101.36,44.59,1.63,52.28,720.8499999999999,30.549999999999997,74.81000000000002,32.92,1.48,47.75,1416.3300000000002,60.03,86.18833333333333,40.1575,1.5783333333333331,47.3725,700.8825,29.920833333333334,81.10916666666667,37.87083333333333,1.8433333333333335,52.64000000000001,1431.2483333333332,60.88333333333333
2023-04-01,92.42999999999999,46.0,1.42,49.41,710.4899999999999,32.38,61.1,30.409999999999997,1.45,50.59,1277.21,58.209999999999994,86.24333333333334,40.38916666666666,1.57,46.60750000000001,701.1999999999999,29.899999999999995,80.09916666666666,37.531666666666666,1.8741666666666665,53.400000000000006,1432.9399999999998,60.89666666666667
2023-05-01,100.32,51.089999999999996,1.59,57.92,742.85,32.21,52.56,26.77,1.16,42.1,1355.1,58.760000000000005,87.05083333333333,40.964999999999996,1.58,47.29416666666666,700.0708333333333,29.795833333333334,78.49583333333334,36.84583333333333,1.8458333333333332,52.7125,1437.6416666666667,61.00666666666666
2023-06-01,90.96000000000001,47.709999999999994,1.5899999999999999,48.459999999999994,719.27,29.889999999999997,56.74,29.76,1.69,51.53,1473.1,61.23,87.73666666666666,41.55083333333333,1.5716666666666665,47.71083333333333,696.9491666666667,29.64916666666667,76.72416666666668,36.129999999999995,1.8033333333333335,52.29583333333334,1441.0766666666668,61.12083333333333
2023-07-01,95.72999999999999,46.980000000000004,2.11,44.879999999999995,779.37,29.17,61.010000000000005,29.95,2.59,55.12,1664.3400000000001,62.300000000000004,88.63,42.14666666666667,1.5691666666666666,48.05916666666667,698.9016666666666,29.650000000000002,74.76666666666667,35.32583333333333,1.7591666666666665,51.94833333333333,1444.8866666666665,61.10833333333334
2023-08-01,90.60000000000001,45.660000000000004,2.51,54.739999999999995,793.39,29.52,61.82,31.150000000000002,2.08,45.260000000000005,1666.1,61.980000000000004,89.80083333333334,42.836666666666666,1.6358333333333335,49.61833333333333,705.3366666666666,29.816666666666666,72.83583333333333,34.46333333333333,1.6783333333333335,50.39000000000001,1444.8308333333334,60.93666666666666
2023-09-01,83.21000000000001,43.12,2.15,54.93,741.0099999999999,30.41,63.02,32.650000000000006,1.76,45.08,1477.39,60.61,90.48166666666667,43.29833333333334,1.6925,50.36166666666666,711.8783333333332,29.958333333333332,71.27166666666668,33.7725,1.6808333333333334,49.6475,1448.0491666666667,60.791666666666664
2023-10-01,93.4,45.18,1.8599999999999999,51.39,743.8599999999999,31.619999999999997,63.849999999999994,30.89,1.7599999999999998,48.599999999999994,1389.82,59.05,91.6375,43.79083333333333,1.705,49.671666666666674,717.1333333333332,30.034166666666664,69.97500000000001,33.079166666666666,1.7300000000000002,50.335,1453.155,60.718333333333334
2023-11-01,103.82000000000001,47.080000000000005,1.73,55.35,729.12,31.029999999999998,66.9,30.330000000000002,1.4,44.63,1399.46,59.550000000000004,93.42166666666667,44.48166666666666,1.7333333333333334,50.43416666666666,723.6116666666666,30.184166666666666,68.57666666666667,32.32416666666666,1.7116666666666667,49.56916666666667,1456.2716666666668,60.5875
2023-12-01,107.06,45.489999999999995,1.8399999999999999,51.29,738.46,28.99,71.92,30.560000000000002,1.75,48.71,1567.1100000000001,61.54,95.34416666666668,45.29333333333333,1.7874999999999999,51.74,729.2799999999999,30.324166666666667,66.51666666666667,31.44333333333333,1.6775,48.262499999999996,1457.8374999999999,60.45916666666667
2024-01-01,111.91,44.55,2.1900000000000004,54.25,730.0999999999999,28.65,78.14,31.09,1.8399999999999999,45.77,1577.47,61.879999999999995,96.23083333333334,45.484166666666674,1.8491666666666668,52.014166666666675,733.3283333333333,30.35083333333333,66.25583333333334,31.2075,1.7149999999999999,47.98833333333334,1465.49,60.469166666666666
2024-02-01,106.05999999999999,47.74000000000001,1.81,53.38,718.9799999999999,30.56,62.260000000000005,28.019999999999996,1.5699999999999998,46.620000000000005,1410.36,59.949999999999996,98.07166666666666,46.26583333333334,1.8691666666666666,52.35666666666666,738.9791666666666,30.414999999999996,64.51083333333334,30.375000000000004,1.7108333333333334,47.64666666666667,1472.8158333333333,60.42416666666667
2024-03-01,110.88000000000001,49.53,1.74,50.03,788.1199999999999,32.33,61.74,27.58,1.74,49.95,1425.55,58.480000000000004,98.86500000000001,46.6775,1.8783333333333332,52.16916666666666,744.5849999999999,30.563333333333333,63.42166666666666,29.930000000000003,1.7325,47.830000000000005,1473.5841666666668,60.294999999999995
2024-04-01,112.87,54.99,2.06,58.89,793.15,34.5,47.08,22.939999999999998,1.44,41.11,1295.82,56.36000000000001,100.56833333333333,47.42666666666667,1.9316666666666666,52.95916666666667,751.4733333333334,30.74,62.25333333333334,29.3075,1.7316666666666667,47.04,1475.1350000000002,60.14083333333334
2024-05-01,109.74,54.69,1.8199999999999998,51.47,851.2600000000001,34.98,45.12,22.49,1.72,48.51,1364.27,56.050000000000004,101.35333333333334,47.72666666666667,1.9508333333333334,52.42166666666666,760.5075,30.97083333333333,61.63333333333333,28.950833333333335,1.7783333333333333,47.57416666666668,1475.8991666666668,59.915
2024-06-01,105.16000000000001,52.9,2.34,51.41,864.3,34.03,48.089999999999996,24.19,2.21,48.6,1456.4799999999998,57.33,102.53666666666668,48.159166666666664,2.013333333333333,52.6675,772.5933333333332,31.31583333333333,60.912499999999994,28.486666666666668,1.8216666666666665,47.32999999999999,1474.5141666666668,59.59
2024-07-01,106.46000000000001,49.67,2.79,50.0,903.2800000000001,32.41,56.64,26.43,2.79,50.02,1648.75,59.14,103.43083333333334,48.38333333333333,2.07,53.094166666666666,782.9191666666667,31.58583333333333,60.54833333333334,28.19333333333334,1.8383333333333332,46.905,1473.2150000000001,59.32666666666666
2024-08-01,97.97,47.35999999999999,2.42,49.38999999999999,870.67,31.150000000000002,57.24000000000001,27.68,2.49,50.61,1687.13,60.379999999999995,104.04500000000002,48.525000000000006,2.0624999999999996,52.64833333333333,789.3591666666667,31.721666666666664,60.16666666666668,27.90416666666667,1.8724999999999998,47.35083333333333,1474.9675,59.193333333333335
2024-09-01,97.05,48.58,1.83,49.58,799.03,31.51,54.589999999999996,27.32,1.8599999999999999,50.45,1517.0800000000002,59.839999999999996,105.19833333333334,48.98,2.035833333333333,52.20250000000001,794.1941666666667,31.813333333333333,59.464166666666664,27.460000000000004,1.8808333333333334,47.79833333333334,1478.2749999999999,59.12916666666667
2024-10-01,99.11,46.97,2.1900000000000004,59.2,793.4,32.74999999999999,60.57,28.7,1.52,40.77,1406.6899999999998,58.07,105.67416666666666,49.12916666666666,2.0633333333333335,52.853333333333325,798.3224999999999,31.9075,59.19083333333334,27.2775,1.8608333333333331,47.145833333333336,1479.6808333333336,59.04749999999999
2024-11-01,89.96,40.19,1.8900000000000001,42.43,741.54,30.929999999999996,80.65,36.04,2.56,57.58,1429.1999999999998,59.60999999999999,104.51916666666666,48.55500000000001,2.0766666666666667,51.77666666666667,799.3575000000001,31.899166666666662,60.336666666666666,27.75333333333333,1.9574999999999998,48.225,1482.1591666666666,59.0525
2024-12-01,100.1,41.949999999999996,1.87,41.760000000000005,787.87,30.179999999999996,78.5,32.9,2.6,58.25,1567.3,60.03,103.93916666666667,48.26,2.0791666666666666,50.982499999999995,803.4749999999999,31.99833333333333,60.885,27.948333333333334,2.0283333333333333,49.02,1482.175,58.92666666666667
2025-01-01,105.53,41.94,1.75,38.519999999999996,791.7600000000001,30.099999999999998,82.92,32.95,2.8,61.47,1584.36,60.25,103.40750000000001,48.0425,2.0425,49.67166666666666,808.6133333333332,32.119166666666665,61.28333333333333,28.103333333333335,2.1083333333333334,50.32833333333334,1482.7491666666665,58.79083333333333
2025-02-01,90.51,40.050000000000004,1.6500000000000001,36.71,763.91,32.24,80.88999999999999,35.800000000000004,2.85,63.26,1380.07,58.25,102.11166666666668,47.401666666666664,2.029166666666667,48.2825,812.3575,32.259166666666665,62.83583333333333,28.751666666666665,2.215,51.715,1480.2249999999997,58.649166666666666
2025-03-01,107.42000000000002,46.66,2.1900000000000004,56.94,860.5,34.21,68.03,29.549999999999997,1.66,43.08,1416.97,56.339999999999996,101.82333333333334,47.162499999999994,2.066666666666667,48.85833333333333,818.3891666666667,32.41583333333333,63.36000000000001,28.915833333333335,2.2083333333333335,51.14249999999999,1479.51,58.47083333333333
2025-04-01,105.91,52.43,1.68,58.29,856.47,36.089999999999996,51.08,25.29,1.21,41.730000000000004,1299.52,54.77,101.24333333333334,46.94916666666666,2.035,48.80833333333334,823.6658333333334,32.54833333333333,63.69333333333333,29.111666666666665,2.1891666666666665,51.19416666666666,1479.8183333333334,58.33833333333333
2025-05-01,115.08,56.989999999999995,1.93,56.03,906.5899999999999,36.69,43.17,21.38,1.51,43.980000000000004,1346.92,54.52,101.68833333333335,47.14083333333334,2.044166666666667,49.18833333333333,828.2766666666666,32.69083333333333,63.530833333333334,29.019166666666663,2.171666666666667,50.81666666666666,1478.3725000000002,58.21083333333333
2025-06-01,114.41,55.839999999999996,2.27,52.41,942.27,36.07,45.76,22.330000000000002,2.07,47.56,1449.75,55.5,102.45916666666666,47.38583333333333,2.0383333333333336,49.27166666666667,834.7741666666666,32.86083333333333,63.33666666666667,28.864166666666666,2.16,50.73000000000001,1477.8116666666667,58.05833333333333
2025-07-01,107.28,49.89000000000001,2.68,49.07,976.89,33.68,57.93,26.939999999999998,2.79,50.91,1686.36,58.15,102.52749999999999,47.40416666666666,2.029166666666667,49.19416666666667,840.9083333333333,32.96666666666666,63.44416666666666,28.906666666666666,2.16,50.80416666666667,1480.9458333333332,57.975833333333334
2025-08-01,104.19,51.05,2.73,56.85,930.75,32.589999999999996,50.559999999999995,24.78,2.06,43.12,1692.73,59.25,103.04583333333333,47.711666666666666,2.055,49.81583333333333,845.915,33.086666666666666,62.887499999999996,28.665000000000003,2.1241666666666665,50.18000000000001,1481.4124999999997,57.88166666666667
2025-09-01,100.99999999999999,50.18,2.23,54.61,898.4900000000001,34.56,51.400000000000006,25.55,1.85,45.39,1481.34,56.98,103.375,47.845,2.0883333333333334,50.23499999999999,854.2033333333334,33.34083333333333,62.62166666666667,28.5175,2.1233333333333335,49.75833333333333,1478.4341666666667,57.643333333333324
2025-10-01,103.16999999999999,47.27,1.7000000000000002,45.55,866.44,34.349999999999994,64.83,29.71,2.02,54.449999999999996,1435.99,56.94,103.71333333333335,47.87,2.0475,49.097500000000004,860.2900000000001,33.47416666666667,62.97666666666667,28.601666666666663,2.165,50.89833333333333,1480.8758333333335,57.54916666666667
2025-11-01,97.32,42.96,1.96,50.04,845.1500000000001,34.269999999999996,74.57000000000001,32.9,1.95,49.97,1393.15,56.49,104.32666666666667,48.100833333333334,2.0533333333333332,49.73166666666666,868.9241666666667,33.7525,62.47,28.34,2.1141666666666667,50.26416666666666,1477.8716666666667,57.28916666666667
2025-12-01,100.16,41.470000000000006,1.71,37.47,862.06,32.03,79.36,32.86,2.85,62.510000000000005,1573.71,58.459999999999994,104.33166666666665,48.060833333333335,2.04,49.37416666666667,875.1066666666667,33.906666666666666,62.541666666666664,28.336666666666662,2.1350000000000002,50.619166666666665,1478.4058333333332,57.15833333333333
2026-01-01,108.1,40.839999999999996,2.7600000000000002,50.22,854.64,31.76,94.52000000000001,35.720000000000006,2.7399999999999998,49.78,1584.78,58.9,104.54583333333333,47.969166666666666,2.124166666666667,50.34916666666667,880.3466666666667,34.044999999999995,63.50833333333333,28.5675,2.13,49.645,1478.4408333333333,57.04583333333334
2026-02-01,106.41000000000001,45.839999999999996,2.68,59.629999999999995,827.0,33.61,72.64,31.3,1.82,40.370000000000005,1415.2700000000002,57.52,105.87083333333332,48.45166666666666,2.21,52.259166666666665,885.6041666666666,34.159166666666664,62.82083333333333,28.1925,2.044166666666667,47.737500000000004,1481.3741666666667,56.98500000000001
2026-03-01,117.76,50.14000000000001,2.7,55.5,918.58,35.52,63.620000000000005,27.089999999999996,2.17,44.49,1444.17,55.85,106.7325,48.741666666666674,2.2525,52.139166666666675,890.4441666666668,34.26833333333333,62.453333333333326,27.987499999999997,2.0866666666666664,47.855,1483.6408333333336,56.94416666666667
2026-04-01,112.49000000000001,53.87,1.9500000000000002,56.61,917.86,37.489999999999995,49.489999999999995,23.689999999999998,1.5,43.36,1319.21,53.900000000000006,107.28083333333335,48.86166666666666,2.275,51.99916666666666,895.56,34.385,62.32083333333333,27.854166666666668,2.1108333333333333,47.990833333333335,1485.2816666666668,56.87166666666667
2026-05-01,112.91,55.01,2.55,60.12,975.9300000000001,37.96,48.3,23.529999999999998,1.68,39.870000000000005,1375.35,53.51,107.09999999999998,48.69666666666666,2.3266666666666667,52.339999999999996,901.3383333333333,34.490833333333335,62.748333333333335,28.033333333333335,2.125,47.64833333333333,1487.6508333333331,56.7875
2026-06-01,114.68,54.53,2.73,58.33,1005.9,37.32,51.21,24.36,1.9500000000000002,41.69,1462.8899999999999,54.269999999999996,107.1225,48.587500000000006,2.3649999999999998,52.833333333333336,906.6408333333334,34.595,63.20249999999999,28.202499999999997,2.1149999999999998,47.159166666666664,1488.7458333333332,56.685
2026-07-01,117.39,52.25999999999999,2.92,55.78,1048.81,35.410000000000004,58.4,25.990000000000002,2.3200000000000003,44.2,1671.9399999999998,56.440000000000005,107.96499999999999,48.785000000000004,2.3850000000000002,53.39249999999999,912.6341666666667,34.73916666666667,63.241666666666674,28.12333333333333,2.075833333333333,46.6,1487.5441666666666,56.5425
2026-08-01,111.41999999999999,51.78,3.1900000000000004,56.5,1016.3,34.49,60.39,28.060000000000002,2.45,43.489999999999995,1695.77,57.54,108.5675,48.84583333333333,2.4233333333333333,53.36333333333332,919.7633333333333,34.8975,64.06083333333333,28.396666666666665,2.1083333333333334,46.63083333333333,1487.7975,56.4
2026-09-01,103.96,50.089999999999996,2.66,60.28,0.0,0.0,61.07000000000001,29.430000000000003,1.75,39.72,0.0,0.0,108.81416666666667,48.83833333333334,2.4591666666666665,53.83583333333333,,,64.86666666666666,28.72,2.1,46.15833333333333,,
