date,twh_Bioenergy_EU,twh_Coal_EU,twh_Gas_EU,twh_Hydro_EU,twh_Net imports_EU,twh_Nuclear_EU,twh_Other fossil_EU,twh_Other renewables_EU,twh_Solar_EU,twh_Wind_EU,twh_Bioenergy_Greece,twh_Coal_Greece,twh_Gas_Greece,twh_Hydro_Greece,twh_Net imports_Greece,twh_Nuclear_Greece,twh_Other fossil_Greece,twh_Other renewables_Greece,twh_Solar_Greece,twh_Wind_Greece,twh_Bioenergy_World,twh_Coal_World,twh_Gas_World,twh_Hydro_World,twh_Nuclear_World,twh_Other fossil_World,twh_Other renewables_World,twh_Solar_World,twh_Wind_World,share_Bioenergy_EU,share_Coal_EU,share_Gas_EU,share_Hydro_EU,share_Net imports_EU,share_Nuclear_EU,share_Other fossil_EU,share_Other renewables_EU,share_Solar_EU,share_Wind_EU,share_Bioenergy_Greece,share_Coal_Greece,share_Gas_Greece,share_Hydro_Greece,share_Net imports_Greece,share_Nuclear_Greece,share_Other fossil_Greece,share_Other renewables_Greece,share_Solar_Greece,share_Wind_Greece,share_Bioenergy_World,share_Coal_World,share_Gas_World,share_Hydro_World,share_Nuclear_World,share_Other fossil_World,share_Other renewables_World,share_Solar_World,share_Wind_World
2000,30.11,800.33,328.19,350.17,8.84,859.95,226.81,5.29,0.05,21.28,0.0,34.31,5.92,3.69,-0.01,0.0,8.57,0.0,0.0,0.45,159.03,5841.09,2747.1,2632.57,2540.47,1329.12,43.65,1.08,31.16,1.15,30.52,12.52,13.35,0.34,32.8,8.65,0.2,0.0,0.81,0.0,64.81,11.18,6.97,-0.02,0.0,16.19,0.0,0.0,0.85,1.04,38.11,17.92,17.18,16.58,8.67,0.28,0.01,0.2
2001,31.9,792.92,351.41,373.43,-3.35,888.9,229.35,5.09,0.17,25.75,0.08,35.43,6.13,2.1,2.5,0.0,8.04,0.0,0.0,0.76,154.58,5923.06,2916.35,2566.62,2613.17,1290.03,44.15,1.43,38.2,1.18,29.38,13.02,13.84,-0.12,32.94,8.5,0.19,0.01,0.95,0.15,67.43,11.67,4.0,4.76,0.0,15.3,0.0,0.0,1.45,0.99,38.1,18.76,16.51,16.81,8.3,0.28,0.01,0.25
2002,36.8,814.34,374.6,312.6,7.12,902.34,240.85,5.25,0.28,35.06,0.13,34.57,7.06,2.8,2.9,0.0,8.15,0.0,0.0,0.65,167.95,6177.98,3106.38,2614.51,2654.77,1276.62,45.83,1.79,52.22,1.35,29.92,13.76,11.48,0.26,33.15,8.85,0.19,0.01,1.29,0.24,64.79,13.23,5.25,5.44,0.0,15.27,0.0,0.0,1.22,1.04,38.38,19.3,16.24,16.49,7.93,0.28,0.01,0.32
2003,43.16,849.04,418.9,304.64,-2.09,907.18,227.38,5.92,0.4,43.31,0.1,35.17,8.02,4.77,2.09,0.0,8.2,0.0,0.0,1.02,181.61,6608.63,3257.06,2614.86,2601.05,1301.04,46.61,2.19,63.2,1.54,30.32,14.96,10.88,-0.08,32.4,8.12,0.21,0.01,1.55,0.18,61.4,14.0,8.33,3.65,0.0,14.32,0.0,0.0,1.78,1.09,39.63,19.53,15.68,15.6,7.8,0.28,0.01,0.38
2004,52.76,835.42,458.48,323.19,-11.81,928.46,205.03,5.99,0.68,57.54,0.12,35.38,8.99,4.67,2.82,0.0,7.94,0.0,0.0,1.12,197.81,6830.91,3504.64,2806.18,2719.41,1268.48,48.26,2.86,85.47,1.84,29.13,15.99,11.27,-0.41,32.38,7.15,0.21,0.02,2.01,0.21,60.77,15.44,8.02,4.84,0.0,13.64,0.0,0.0,1.92,1.13,39.11,20.07,16.07,15.57,7.26,0.28,0.02,0.49
2005,61.0,808.89,512.54,307.02,7.33,916.08,203.41,5.87,1.48,68.1,0.12,35.54,8.17,5.02,3.78,0.0,8.61,0.0,0.0,1.27,218.35,7200.98,3682.1,2915.41,2726.98,1282.71,48.59,4.03,104.4,2.12,28.04,17.77,10.64,0.25,31.76,7.05,0.2,0.05,2.36,0.2,60.51,13.91,8.55,6.44,0.0,14.66,0.0,0.0,2.16,1.2,39.6,20.25,16.03,15.0,7.05,0.27,0.02,0.57
2006,69.86,816.5,540.05,309.98,0.46,914.44,194.13,6.08,2.52,78.75,0.11,32.26,10.61,5.86,4.2,0.0,8.87,0.0,0.0,1.7,232.41,7601.82,3902.13,3021.68,2761.59,1180.59,50.76,5.49,133.18,2.38,27.84,18.42,10.57,0.02,31.18,6.62,0.21,0.09,2.69,0.18,54.3,17.86,9.86,7.07,0.0,14.93,0.0,0.0,2.86,1.23,40.24,20.66,16.0,14.62,6.25,0.27,0.03,0.7
2007,78.43,828.74,571.96,307.72,10.64,872.24,178.6,6.24,3.83,99.95,0.18,34.68,14.16,2.59,4.36,0.0,8.97,0.0,0.0,1.82,255.06,8089.08,4220.81,3066.28,2703.49,1200.87,52.81,7.37,171.15,2.66,28.12,19.4,10.44,0.36,29.59,6.06,0.21,0.13,3.39,0.29,55.58,22.69,4.15,6.99,0.0,14.38,0.0,0.0,2.92,1.29,40.92,21.35,15.51,13.68,6.08,0.27,0.04,0.87
2008,88.09,757.01,611.65,325.59,12.03,884.73,165.74,6.2,7.51,113.26,0.19,33.36,13.8,3.31,5.61,0.0,9.27,0.0,0.01,2.24,272.26,8112.7,4362.54,3248.85,2694.74,1176.53,56.59,11.93,220.85,2.98,25.58,20.66,11.0,0.41,29.89,5.6,0.21,0.25,3.83,0.31,53.65,22.19,5.32,9.02,0.0,14.91,0.0,0.02,3.6,1.35,40.25,21.64,16.12,13.37,5.84,0.28,0.06,1.1
2009,97.24,703.55,564.03,329.0,17.29,824.92,144.78,5.99,14.22,124.61,0.22,34.19,11.02,5.35,4.37,0.0,6.97,0.0,0.05,2.54,292.45,7988.93,4383.89,3245.0,2656.77,1075.98,58.66,19.88,276.25,3.46,25.05,20.08,11.72,0.62,29.37,5.16,0.21,0.51,4.44,0.36,56.66,18.26,8.87,7.24,0.0,11.55,0.0,0.08,4.21,1.46,39.95,21.92,16.23,13.28,5.38,0.29,0.1,1.38
2010,111.47,701.2,587.36,371.82,4.92,854.47,149.76,6.09,23.49,139.88,0.19,30.8,9.85,7.47,5.71,0.0,5.43,0.0,0.16,2.71,327.21,8510.35,4826.36,3436.77,2726.21,1062.32,59.72,32.28,346.05,3.78,23.8,19.94,12.62,0.17,29.01,5.08,0.21,0.8,4.75,0.34,54.41,17.4,13.2,10.09,0.0,9.59,0.0,0.28,4.79,1.53,39.9,22.63,16.11,12.78,4.98,0.28,0.15,1.62
2011,118.98,724.81,556.85,307.43,0.96,837.77,143.31,6.42,47.71,165.41,0.21,31.07,14.07,4.01,3.23,0.0,5.16,0.0,0.61,3.32,344.9,8972.39,4879.86,3496.35,2610.14,1168.62,61.08,63.65,440.04,4.09,24.92,19.14,10.57,0.03,28.8,4.93,0.22,1.64,5.69,0.36,53.16,24.07,6.86,5.53,0.0,8.83,0.0,1.04,5.68,1.56,40.72,22.14,15.87,11.84,5.3,0.28,0.29,2.0
2012,132.87,742.68,482.7,331.67,6.76,811.95,137.27,6.28,70.5,187.55,0.2,31.11,13.48,4.39,1.78,0.0,5.19,0.0,1.69,3.85,374.31,9025.17,5176.43,3668.08,2431.89,1219.86,62.84,97.0,529.31,4.58,25.58,16.62,11.42,0.23,27.96,4.73,0.22,2.43,6.46,0.33,51.93,22.5,7.33,2.97,0.0,8.66,0.0,2.82,6.43,1.66,39.96,22.92,16.24,10.77,5.4,0.28,0.43,2.34
2013,139.13,728.9,413.43,368.02,-1.81,806.23,128.23,6.44,83.76,209.55,0.22,26.4,10.88,6.35,1.89,0.0,4.73,0.0,3.65,4.14,404.46,9499.63,5073.56,3798.7,2448.42,1181.28,64.32,131.8,634.25,4.82,25.28,14.34,12.76,-0.06,27.96,4.45,0.22,2.9,7.27,0.39,46.83,19.3,11.26,3.35,0.0,8.39,0.0,6.48,7.34,1.74,40.88,21.84,16.35,10.54,5.08,0.28,0.57,2.73
2014,144.25,692.78,355.41,370.06,-5.03,812.57,125.99,6.79,93.6,222.46,0.22,25.75,6.79,4.48,8.82,0.0,4.9,0.0,3.79,3.69,437.06,9658.86,5229.01,3877.63,2499.12,1129.21,69.53,197.8,706.24,5.11,24.53,12.59,13.1,-0.18,28.78,4.46,0.24,3.32,7.88,0.44,51.89,13.68,9.03,17.77,0.0,9.88,0.0,7.64,7.44,1.84,40.58,21.97,16.29,10.5,4.74,0.29,0.83,2.97
2015,149.37,705.03,394.84,336.0,-6.65,786.69,127.87,7.09,100.2,263.28,0.23,22.11,9.09,6.1,9.61,0.0,5.0,0.0,3.9,4.62,470.81,9335.69,5553.45,3889.71,2533.43,1121.39,73.08,256.07,829.84,5.2,24.56,13.76,11.71,-0.23,27.41,4.46,0.25,3.49,9.17,0.45,43.31,17.81,11.95,18.82,0.0,9.79,0.0,7.64,9.05,1.96,38.8,23.08,16.16,10.53,4.66,0.3,1.06,3.45
2016,151.09,659.16,464.77,345.6,0.65,767.95,128.2,7.23,100.49,266.91,0.27,18.88,14.97,5.54,8.8,0.0,5.1,0.0,3.93,5.15,482.47,9379.25,5857.43,4022.89,2571.47,1061.74,75.87,327.52,960.59,5.22,22.8,16.07,11.95,0.02,26.56,4.43,0.25,3.48,9.23,0.5,35.07,27.8,10.29,16.34,0.0,9.47,0.0,7.3,9.56,1.95,37.91,23.68,16.26,10.39,4.29,0.31,1.32,3.88
2017,153.64,638.86,523.62,294.34,-4.55,759.4,126.88,7.23,106.58,312.43,0.31,18.76,17.13,3.96,6.24,0.0,5.11,0.0,3.99,5.54,501.44,9714.41,5982.42,4061.45,2594.22,969.8,78.82,444.14,1139.39,5.26,21.86,17.91,10.07,-0.16,25.98,4.34,0.25,3.65,10.69,0.57,34.23,31.26,7.23,11.39,0.0,9.32,0.0,7.28,10.11,1.97,38.12,23.47,15.94,10.18,3.8,0.31,1.74,4.47
2018,155.46,595.54,488.95,343.84,8.84,761.94,120.86,7.14,114.13,320.76,0.31,17.19,14.09,5.74,6.28,0.0,5.19,0.0,3.79,6.3,527.1,10099.78,6221.43,4183.85,2658.7,891.38,81.72,575.16,1268.26,5.34,20.48,16.81,11.82,0.3,26.2,4.16,0.24,3.92,11.03,0.59,32.67,26.78,10.91,11.94,0.0,9.86,0.0,7.2,11.98,1.99,38.1,23.47,15.78,10.03,3.36,0.31,2.17,4.78
2019,159.65,450.79,568.62,320.29,2.93,765.34,110.91,7.23,124.38,367.29,0.4,12.12,14.5,4.0,9.94,0.0,5.23,0.0,4.43,7.27,549.82,9890.0,6402.88,4234.73,2754.08,868.67,82.95,697.86,1421.12,5.55,15.68,19.78,11.14,0.1,26.62,3.86,0.25,4.33,12.78,0.83,25.28,30.24,8.34,20.73,0.0,10.91,0.0,9.24,15.16,2.04,36.76,23.8,15.74,10.24,3.23,0.31,2.59,5.28
2020,162.59,352.33,559.7,347.09,13.97,683.51,97.76,7.23,144.72,398.16,0.45,6.61,19.23,3.34,8.86,0.0,4.12,0.0,4.45,9.31,572.63,9508.34,6395.71,4353.97,2648.78,793.36,86.12,852.5,1591.66,5.91,12.8,20.33,12.61,0.51,24.83,3.55,0.26,5.26,14.46,0.95,13.91,40.48,7.03,18.65,0.0,8.67,0.0,9.37,19.6,2.14,35.48,23.86,16.24,9.88,2.96,0.32,3.18,5.94
2021,171.56,419.0,547.04,348.25,7.28,731.71,100.41,7.03,163.05,386.94,0.5,5.32,22.49,5.9,3.68,0.0,4.3,0.0,5.25,10.48,608.35,10245.9,6570.17,4296.71,2760.49,867.3,86.33,1054.36,1856.32,5.97,14.57,19.03,12.11,0.25,25.45,3.49,0.24,5.67,13.46,0.92,9.81,41.46,10.88,6.78,0.0,7.93,0.0,9.68,19.32,2.15,36.15,23.18,15.16,9.74,3.06,0.3,3.72,6.55
2022,165.27,448.43,533.95,276.11,12.94,609.26,105.87,6.93,209.76,421.83,0.57,5.76,19.14,3.86,3.45,0.0,4.32,0.0,7.14,10.88,606.8,10365.14,6604.59,4336.7,2640.44,919.24,87.94,1335.14,2105.71,5.95,16.15,19.23,9.94,0.47,21.94,3.81,0.25,7.55,15.19,1.1,11.15,37.04,7.47,6.68,0.0,8.36,0.0,13.82,21.06,2.09,35.74,22.77,14.95,9.1,3.17,0.3,4.6,7.26
2023,156.84,318.59,454.82,330.44,-0.47,619.6,91.08,6.72,254.04,478.06,0.65,4.59,15.98,3.82,4.91,0.0,3.98,0.0,8.89,11.02,615.5,10530.96,6711.55,4253.6,2696.66,904.23,88.4,1669.84,2317.38,5.79,11.76,16.78,12.19,-0.02,22.86,3.36,0.25,9.37,17.64,1.33,9.38,32.66,7.81,10.04,0.0,8.13,0.0,18.17,22.52,2.07,35.35,22.53,14.28,9.05,3.04,0.3,5.61,7.78
2024,156.85,271.83,431.23,369.68,-12.31,649.55,89.11,6.68,307.26,489.37,0.71,3.27,21.53,3.58,-0.31,0.0,4.18,0.0,11.26,12.55,635.45,10652.82,6894.59,4463.05,2774.98,894.12,88.45,2160.36,2506.14,5.66,9.81,15.56,13.34,-0.44,23.44,3.22,0.24,11.09,17.66,1.24,5.73,37.72,6.27,-0.54,0.0,7.32,0.0,19.73,21.99,2.04,34.29,22.19,14.36,8.93,2.88,0.28,6.95,8.07
2025,155.8,258.33,466.53,325.26,-23.98,652.01,87.33,7.49,366.23,479.52,0.71,2.75,23.32,3.43,-3.01,0.0,4.18,0.0,11.38,12.1,652.36,10605.84,6920.56,4446.16,2804.92,886.96,91.37,2806.62,2705.06,5.57,9.23,16.67,11.62,-0.86,23.3,3.12,0.27,13.09,17.14,1.23,4.75,40.3,5.93,-5.2,0.0,7.22,0.0,19.67,20.91,2.04,33.23,21.68,13.93,8.79,2.78,0.29,8.79,8.48
