new_cases_0_17,new_cases_18_39,new_cases_40_64,new_cases_65,new_deaths_0_17,new_deaths_18_39,new_deaths_40_64,new_deaths_65,date,icu_0_17,icu_18_39,icu_40_64,icu_65,DisplayDate,new_cases_0_64,new_cases_0_64_7day,new_cases_65_7day,max_new_cases_0_64,max_new_cases_65,new_cases_%_of_max_0_64,new_cases_%_of_max_65,icu_0_64,icu_0_64_7day,icu_65_7day,max_icu_0_64,max_icu_65,icu_%_of_max_0_64,icu_%_of_max_65,new_deaths_0_64,new_deaths_0_64_7day,new_deaths_65_7day,max_new_deaths_0_64,max_new_deaths_65,new_deaths_%_of_max_0_64,new_deaths_%_of_max_65
26.0,220.0,223.0,125.0,0.0,1.0,4.0,38.0,2021-01-01,0,10,165,254,01/01/21,469.0,469.0,125.0,2545.285714285714,520.1428571428571,0.18426222147387328,0.24031859379291404,175,175.0,254.0,305.14285714285717,489.42857142857144,0.573501872659176,0.5189725627553998,5.0,5.0,38.0,13.714285714285714,66.14285714285714,0.36458333333333337,0.5745140388768899
16.0,78.0,111.0,53.0,0.0,0.0,10.0,30.0,2021-01-02,0,10,164,257,02/01/21,205.0,337.0,89.0,2545.285714285714,520.1428571428571,0.13240163888421172,0.1711068387805548,174,174.5,255.5,305.14285714285717,489.42857142857144,0.5718632958801497,0.5220373613543491,10.0,7.5,34.0,13.714285714285714,66.14285714285714,0.546875,0.5140388768898488
19.0,127.0,167.0,77.0,0.0,0.0,3.0,33.0,2021-01-03,0,10,163,248,03/01/21,313.0,329.0,85.0,2545.285714285714,520.1428571428571,0.12925857327271706,0.16341664377918155,173,174.0,253.0,305.14285714285717,489.42857142857144,0.5702247191011236,0.5169293636894338,3.0,6.0,33.666666666666664,13.714285714285714,66.14285714285714,0.4375,0.5089992800575954
23.0,147.0,167.0,90.0,0.0,2.0,14.0,38.0,2021-01-04,0,7,151,249,04/01/21,337.0,331.0,86.25,2545.285714285714,520.1428571428571,0.13004433967559073,0.1658198297171107,158,170.0,252.0,305.14285714285717,489.42857142857144,0.5571161048689138,0.5148861646234676,16.0,8.5,34.75,13.714285714285714,66.14285714285714,0.6197916666666667,0.525377969762419
47.0,325.0,390.0,161.0,0.0,0.0,6.0,34.0,2021-01-05,0,7,151,247,05/01/21,762.0,417.2,101.2,2545.285714285714,520.1428571428571,0.16391087163944548,0.19456193353474321,158,167.6,251.0,305.14285714285717,489.42857142857144,0.549250936329588,0.5128429655575014,6.0,8.0,34.6,13.714285714285714,66.14285714285714,0.5833333333333334,0.523110151187905
47.0,267.0,336.0,156.0,0.0,0.0,8.0,40.0,2021-01-06,0,7,144,248,06/01/21,650.0,456.0,110.33333333333333,2545.285714285714,520.1428571428571,0.17915473985519448,0.21212121212121213,151,164.83333333333334,250.5,305.14285714285717,489.42857142857144,0.5401841448189763,0.5118213660245183,8.0,8.0,35.5,13.714285714285714,66.14285714285714,0.5833333333333334,0.5367170626349892
45.0,158.0,206.0,101.0,0.0,0.0,9.0,38.0,2021-01-07,0,8,139,244,07/01/21,409.0,449.2857142857143,109.0,2545.285714285714,520.1428571428571,0.17651680978840434,0.20955781378742105,147,162.28571428571428,249.57142857142858,305.14285714285717,489.42857142857144,0.5318352059925093,0.5099241097489784,9.0,8.142857142857142,35.857142857142854,13.714285714285714,66.14285714285714,0.59375,0.5421166306695464
51.0,235.0,281.0,145.0,0.0,0.0,10.0,39.0,2021-01-08,0,8,135,243,08/01/21,567.0,463.2857142857143,111.85714285714286,2545.285714285714,520.1428571428571,0.18201717460851996,0.2150508102169734,143,157.71428571428572,248.0,305.14285714285717,489.42857142857144,0.5168539325842696,0.506713368359603,10.0,8.857142857142858,36.0,13.714285714285714,66.14285714285714,0.6458333333333334,0.5442764578833693
60.0,277.0,313.0,155.0,0.0,0.0,6.0,26.0,2021-01-09,0,8,128,226,09/01/21,650.0,526.8571428571429,126.42857142857143,2545.285714285714,520.1428571428571,0.2069933209855756,0.24306509200769022,136,152.28571428571428,243.57142857142858,305.14285714285717,489.42857142857144,0.49906367041198496,0.4976649153531816,6.0,8.285714285714286,35.42857142857143,13.714285714285714,66.14285714285714,0.6041666666666667,0.5356371490280778
29.0,163.0,180.0,73.0,0.0,0.0,2.0,34.0,2021-01-10,0,9,126,218,10/01/21,372.0,535.2857142857143,125.85714285714286,2545.285714285714,520.1428571428571,0.21030476511197174,0.24196649272177975,135,146.85714285714286,239.28571428571428,305.14285714285717,489.42857142857144,0.48127340823970033,0.48890834792761234,2.0,8.142857142857142,35.57142857142857,13.714285714285714,66.14285714285714,0.59375,0.5377969762419007
25.0,119.0,194.0,99.0,0.0,0.0,6.0,33.0,2021-01-11,0,10,121,219,11/01/21,338.0,535.4285714285714,127.14285714285714,2545.285714285714,520.1428571428571,0.21036089128360555,0.24443834111507828,131,143.0,235.0,305.14285714285717,489.42857142857144,0.4686329588014981,0.48015178050204316,6.0,6.714285714285714,34.857142857142854,13.714285714285714,66.14285714285714,0.48958333333333337,0.5269978401727862
59.0,264.0,373.0,137.0,0.0,0.0,5.0,22.0,2021-01-12,0,10,113,214,12/01/21,696.0,526.0,123.71428571428571,2545.285714285714,520.1428571428571,0.2066565639557726,0.2378467453996155,123,138.0,230.28571428571428,305.14285714285717,489.42857142857144,0.4522471910112359,0.47051955633391707,5.0,6.571428571428571,33.142857142857146,13.714285714285714,66.14285714285714,0.4791666666666667,0.5010799136069115
37.0,212.0,288.0,133.0,0.0,0.0,6.0,19.0,2021-01-13,0,10,112,218,13/01/21,537.0,509.85714285714283,120.42857142857143,2545.285714285714,520.1428571428571,0.20031430656114946,0.23152979950563035,122,133.85714285714286,226.0,305.14285714285717,489.42857142857144,0.4386704119850187,0.46176298890834794,6.0,6.285714285714286,30.142857142857142,13.714285714285714,66.14285714285714,0.45833333333333337,0.4557235421166307
41.0,188.0,247.0,112.0,0.0,1.0,8.0,24.0,2021-01-14,0,9,105,214,14/01/21,476.0,519.4285714285714,122.0,2545.285714285714,520.1428571428571,0.20407476006061628,0.2345509475418841,114,129.14285714285714,221.71428571428572,305.14285714285717,489.42857142857144,0.4232209737827715,0.45300642148277875,9.0,6.285714285714286,28.142857142857142,13.714285714285714,66.14285714285714,0.45833333333333337,0.42548596112311016
38.0,187.0,261.0,92.0,0.0,1.0,4.0,29.0,2021-01-15,0,9,104,206,15/01/21,486.0,507.85714285714283,114.42857142857143,2545.285714285714,520.1428571428571,0.1995285401582758,0.21999450700357046,113,124.85714285714286,216.42857142857142,305.14285714285717,489.42857142857144,0.4091760299625468,0.4422066549912434,5.0,5.571428571428571,26.714285714285715,13.714285714285714,66.14285714285714,0.40625,0.40388768898488125
33.0,170.0,203.0,104.0,0.0,0.0,4.0,16.0,2021-01-16,0,9,105,209,16/01/21,406.0,473.0,107.14285714285714,2545.285714285714,520.1428571428571,0.1858337542796206,0.20598736610821203,114,121.71428571428571,214.0,305.14285714285717,489.42857142857144,0.398876404494382,0.4372446001167542,4.0,5.285714285714286,25.285714285714285,13.714285714285714,66.14285714285714,0.3854166666666667,0.3822894168466523
15.0,79.0,88.0,54.0,0.0,0.0,6.0,22.0,2021-01-17,0,9,105,206,17/01/21,182.0,445.85714285714283,104.42857142857143,2545.285714285714,520.1428571428571,0.17516978166919234,0.20076901950013734,114,118.71428571428571,212.28571428571428,305.14285714285717,489.42857142857144,0.38904494382022464,0.4337419731465265,6.0,5.857142857142857,23.571428571428573,13.714285714285714,66.14285714285714,0.4270833333333333,0.3563714902807776
29.0,87.0,138.0,66.0,0.0,0.0,6.0,13.0,2021-01-18,0,9,106,207,18/01/21,254.0,433.85714285714283,99.71428571428571,2545.285714285714,520.1428571428571,0.1704551832519504,0.191705575391376,115,116.42857142857143,210.57142857142858,305.14285714285717,489.42857142857144,0.38155430711610483,0.4302393461762989,6.0,5.857142857142857,20.714285714285715,13.714285714285714,66.14285714285714,0.4270833333333333,0.31317494600431967
41.0,175.0,251.0,69.0,0.0,0.0,2.0,28.0,2021-01-19,0,8,108,204,19/01/21,467.0,401.14285714285717,90.0,2545.285714285714,520.1428571428571,0.15760228994780268,0.1730293875308981,116,115.42857142857143,209.14285714285714,305.14285714285717,489.42857142857144,0.3782771535580524,0.4273204903677758,2.0,5.428571428571429,21.571428571428573,13.714285714285714,66.14285714285714,0.39583333333333337,0.32613390928725705
41.0,165.0,214.0,92.0,0.0,0.0,5.0,22.0,2021-01-20,0,9,103,188,20/01/21,420.0,384.42857142857144,84.14285714285714,2545.285714285714,520.1428571428571,0.15103552786664423,0.16176874485031584,112,114.0,204.85714285714286,305.14285714285717,489.42857142857144,0.3735955056179775,0.4185639229422066,5.0,5.285714285714286,22.0,13.714285714285714,66.14285714285714,0.3854166666666667,0.3326133909287257
47.0,152.0,215.0,84.0,0.0,0.0,1.0,24.0,2021-01-21,0,9,99,185,21/01/21,414.0,375.57142857142856,80.14285714285714,2545.285714285714,520.1428571428571,0.14755570522534658,0.1540785498489426,108,113.14285714285714,200.71428571428572,305.14285714285717,489.42857142857144,0.37078651685393255,0.4100992410974898,1.0,4.142857142857143,22.0,13.714285714285714,66.14285714285714,0.30208333333333337,0.3326133909287257
48.0,173.0,227.0,111.0,0.0,1.0,6.0,21.0,2021-01-22,0,8,93,187,22/01/21,448.0,370.14285714285717,82.85714285714286,2545.285714285714,520.1428571428571,0.14542291070326094,0.15929689645701733,101,111.42857142857143,198.0,305.14285714285717,489.42857142857144,0.3651685393258427,0.40455341506129594,7.0,4.428571428571429,20.857142857142858,13.714285714285714,66.14285714285714,0.3229166666666667,0.31533477321814257
38.0,214.0,243.0,111.0,0.0,0.0,1.0,23.0,2021-01-23,0,8,103,181,23/01/21,495.0,382.85714285714283,83.85714285714286,2545.285714285714,520.1428571428571,0.15041813997867204,0.16121944520736065,111,111.0,194.0,305.14285714285717,489.42857142857144,0.3637640449438202,0.3963806187974314,1.0,4.0,21.857142857142858,13.714285714285714,66.14285714285714,0.2916666666666667,0.3304535637149028
19.0,98.0,139.0,76.0,0.0,0.0,4.0,20.0,2021-01-24,0,8,99,181,24/01/21,256.0,393.42857142857144,87.0,2545.285714285714,520.1428571428571,0.1545714766795757,0.16726174127986818,107,110.0,190.42857142857142,305.14285714285717,489.42857142857144,0.3604868913857678,0.38908347927612374,4.0,3.7142857142857144,21.571428571428573,13.714285714285714,66.14285714285714,0.27083333333333337,0.32613390928725705
45.0,113.0,177.0,96.0,0.0,0.0,0.0,25.0,2021-01-25,0,9,99,178,25/01/21,335.0,405.0,91.28571428571429,2545.285714285714,520.1428571428571,0.15911769658191616,0.17550123592419667,108,109.0,186.28571428571428,305.14285714285717,489.42857142857144,0.3572097378277153,0.38061879743140686,0.0,2.857142857142857,23.285714285714285,13.714285714285714,66.14285714285714,0.20833333333333334,0.35205183585313177
71.0,241.0,361.0,140.0,0.0,0.0,5.0,16.0,2021-01-26,0,9,98,176,26/01/21,673.0,434.42857142857144,101.42857142857143,2545.285714285714,520.1428571428571,0.17067968793848573,0.1950013732491074,107,107.71428571428571,182.28571428571428,305.14285714285717,489.42857142857144,0.3529962546816479,0.3724460011675423,5.0,3.2857142857142856,21.571428571428573,13.714285714285714,66.14285714285714,0.23958333333333334,0.32613390928725705
100.0,235.0,368.0,152.0,0.0,0.0,8.0,24.0,2021-01-27,0,8,91,175,27/01/21,703.0,474.85714285714283,110.0,2545.285714285714,520.1428571428571,0.1865633945108604,0.21148036253776437,99,105.85714285714286,180.42857142857142,305.14285714285717,489.42857142857144,0.34691011235955055,0.3686514886164623,8.0,3.7142857142857144,21.857142857142858,13.714285714285714,66.14285714285714,0.27083333333333337,0.3304535637149028
66.0,230.0,311.0,107.0,0.0,1.0,1.0,16.0,2021-01-28,0,6,93,169,28/01/21,607.0,502.42857142857144,113.28571428571429,2545.285714285714,520.1428571428571,0.19739574563619017,0.21779730843174955,99,104.57142857142857,178.14285714285714,305.14285714285717,489.42857142857144,0.3426966292134831,0.36398131932282546,2.0,3.857142857142857,20.714285714285715,13.714285714285714,66.14285714285714,0.28125,0.31317494600431967
120.0,272.0,377.0,156.0,0.0,0.0,4.0,18.0,2021-01-29,0,6,91,163,29/01/21,769.0,548.2857142857143,119.71428571428571,2545.285714285714,520.1428571428571,0.21541224673065051,0.23015655039824223,97,104.0,174.71428571428572,305.14285714285717,489.42857142857144,0.3408239700374532,0.3569760653823701,4.0,3.4285714285714284,20.285714285714285,13.714285714285714,66.14285714285714,0.25,0.306695464362851
67.0,284.0,317.0,193.0,0.0,0.0,5.0,10.0,2021-01-30,0,6,86,165,30/01/21,668.0,573.0,131.42857142857142,2545.285714285714,520.1428571428571,0.2251220744233036,0.2526778357594067,92,101.28571428571429,172.42857142857142,305.14285714285717,489.42857142857144,0.33192883895131087,0.3523058960887332,5.0,4.0,18.428571428571427,13.714285714285714,66.14285714285714,0.2916666666666667,0.2786177105831533
53.0,149.0,196.0,85.0,0.0,0.0,2.0,15.0,2021-01-31,0,6,86,163,31/01/21,398.0,593.2857142857143,132.71428571428572,2545.285714285714,520.1428571428571,0.23309199079530787,0.25514968415270534,92,99.14285714285714,169.85714285714286,305.14285714285717,489.42857142857144,0.32490636704119846,0.3470519556333917,2.0,3.7142857142857144,17.714285714285715,13.714285714285714,66.14285714285714,0.27083333333333337,0.2678185745140389
56.0,167.0,219.0,97.0,0.0,0.0,9.0,24.0,2021-02-01,0,6,83,159,01/02/21,442.0,608.5714285714286,132.85714285714286,2545.285714285714,520.1428571428571,0.23909749116012796,0.25542433397418296,89,96.42857142857143,167.14285714285714,305.14285714285717,489.42857142857144,0.31601123595505615,0.3415061295971979,9.0,5.0,17.571428571428573,13.714285714285714,66.14285714285714,0.36458333333333337,0.26565874730021605
147.0,370.0,499.0,208.0,0.0,0.0,1.0,21.0,2021-02-02,0,6,80,158,02/02/21,1016.0,657.5714285714286,142.57142857142858,2545.285714285714,520.1428571428571,0.25834876803053264,0.2741005218346608,86,93.42857142857143,164.57142857142858,305.14285714285717,489.42857142857144,0.30617977528089885,0.3362521891418564,1.0,4.428571428571429,18.285714285714285,13.714285714285714,66.14285714285714,0.3229166666666667,0.27645788336933047
123.0,370.0,474.0,183.0,1.0,0.0,5.0,21.0,2021-02-03,0,6,80,160,03/02/21,967.0,695.2857142857143,147.0,2545.285714285714,520.1428571428571,0.27316607734186454,0.28261466630046694,86,91.57142857142857,162.42857142857142,305.14285714285717,489.42857142857144,0.3000936329588015,0.33187390542907175,6.0,4.142857142857143,17.857142857142858,13.714285714285714,66.14285714285714,0.30208333333333337,0.2699784017278618
145.0,318.0,430.0,173.0,0.0,0.0,3.0,22.0,2021-02-04,0,5,76,168,04/02/21,893.0,736.1428571428571,156.42857142857142,2545.285714285714,520.1428571428571,0.2892181624291407,0.30074155451798956,81,89.0,162.28571428571428,305.14285714285717,489.42857142857144,0.29166666666666663,0.33158201984821944,3.0,4.285714285714286,18.714285714285715,13.714285714285714,66.14285714285714,0.3125,0.2829373650107992
150.0,343.0,467.0,219.0,0.0,1.0,3.0,15.0,2021-02-05,0,5,74,167,05/02/21,960.0,763.4285714285714,165.42857142857142,2545.285714285714,520.1428571428571,0.2999382612112028,0.31804449327107936,79,86.42857142857143,162.85714285714286,305.14285714285717,489.42857142857144,0.28323970037453183,0.3327495621716287,4.0,4.285714285714286,18.285714285714285,13.714285714285714,66.14285714285714,0.3125,0.27645788336933047
135.0,337.0,437.0,185.0,0.0,0.0,1.0,28.0,2021-02-06,0,5,79,165,06/02/21,909.0,797.8571428571429,164.28571428571428,2545.285714285714,520.1428571428571,0.31346466857495653,0.31584729469925843,84,85.28571428571429,162.85714285714286,305.14285714285717,489.42857142857144,0.2794943820224719,0.3327495621716287,1.0,3.7142857142857144,20.857142857142858,13.714285714285714,66.14285714285714,0.27083333333333337,0.31533477321814257
105.0,221.0,307.0,99.0,0.0,0.0,1.0,20.0,2021-02-07,0,5,83,174,07/02/21,633.0,831.4285714285714,166.28571428571428,2545.285714285714,520.1428571428571,0.3266543189089072,0.31969239219994505,88,84.71428571428571,164.42857142857142,305.14285714285717,489.42857142857144,0.27762172284644193,0.33596030356100404,1.0,3.5714285714285716,21.571428571428573,13.714285714285714,66.14285714285714,0.2604166666666667,0.32613390928725705
90.0,175.0,269.0,95.0,0.0,0.0,3.0,22.0,2021-02-08,0,6,88,182,08/02/21,534.0,844.5714285714286,166.0,2545.285714285714,520.1428571428571,0.33181792669921983,0.31914309255698986,94,85.42857142857143,167.71428571428572,305.14285714285717,489.42857142857144,0.27996254681647936,0.3426736719206071,3.0,2.7142857142857144,21.285714285714285,13.714285714285714,66.14285714285714,0.19791666666666669,0.32181425485961124
212.0,453.0,598.0,230.0,0.0,0.0,2.0,18.0,2021-02-09,0,6,90,181,09/02/21,1263.0,879.8571428571429,169.14285714285714,2545.285714285714,520.1428571428571,0.34568109109277656,0.3251853886294974,96,86.85714285714286,171.0,305.14285714285717,489.42857142857144,0.2846441947565543,0.34938704028021017,2.0,2.857142857142857,20.857142857142858,13.714285714285714,66.14285714285714,0.20833333333333334,0.31533477321814257
213.0,451.0,570.0,241.0,0.0,0.0,5.0,12.0,2021-02-10,0,5,87,192,10/02/21,1234.0,918.0,177.42857142857142,2545.285714285714,520.1428571428571,0.36066677891900994,0.3411150782751991,92,87.71428571428571,175.57142857142858,305.14285714285717,489.42857142857144,0.28745318352059923,0.35872737886748396,5.0,2.7142857142857144,19.571428571428573,13.714285714285714,66.14285714285714,0.19791666666666669,0.2958963282937365
199.0,397.0,549.0,179.0,0.0,0.0,1.0,21.0,2021-02-11,0,5,85,191,11/02/21,1145.0,954.0,178.28571428571428,2545.285714285714,520.1428571428571,0.3748105741707358,0.34276297720406484,90,89.0,178.85714285714286,305.14285714285717,489.42857142857144,0.29166666666666663,0.36544074722708697,1.0,2.4285714285714284,19.428571428571427,13.714285714285714,66.14285714285714,0.17708333333333334,0.2937365010799136
167.0,451.0,568.0,191.0,0.0,0.0,4.0,17.0,2021-02-12,0,5,88,200,12/02/21,1186.0,986.2857142857143,174.28571428571428,2545.285714285714,520.1428571428571,0.3874950889599821,0.3350727822026916,93,91.0,183.57142857142858,305.14285714285717,489.42857142857144,0.2982209737827715,0.37507297139521306,4.0,2.4285714285714284,19.714285714285715,13.714285714285714,66.14285714285714,0.17708333333333334,0.29805615550755943
136.0,368.0,522.0,193.0,0.0,0.0,3.0,23.0,2021-02-13,0,6,91,203,13/02/21,1026.0,1003.0,175.42857142857142,2545.285714285714,520.1428571428571,0.3940618510411405,0.3372699807745125,97,92.85714285714286,189.0,305.14285714285717,489.42857142857144,0.3043071161048689,0.38616462346760067,3.0,2.7142857142857144,19.0,13.714285714285714,66.14285714285714,0.19791666666666669,0.28725701943844495
76.0,210.0,265.0,110.0,0.0,0.0,5.0,18.0,2021-02-14,0,6,88,207,14/02/21,551.0,991.2857142857143,177.0,2545.285714285714,520.1428571428571,0.3894595049671662,0.3402911288107663,94,93.71428571428571,193.71428571428572,305.14285714285717,489.42857142857144,0.30711610486891383,0.3957968476357268,5.0,3.2857142857142856,18.714285714285715,13.714285714285714,66.14285714285714,0.23958333333333334,0.2829373650107992
59.0,191.0,302.0,135.0,0.0,0.0,3.0,23.0,2021-02-15,0,5,88,206,15/02/21,552.0,993.8571428571429,182.71428571428572,2545.285714285714,520.1428571428571,0.3904697760565752,0.35127712166987096,93,93.57142857142857,197.14285714285714,305.14285714285717,489.42857142857144,0.3066479400749063,0.4028021015761821,3.0,3.2857142857142856,18.857142857142858,13.714285714285714,66.14285714285714,0.23958333333333334,0.28509719222462204
83.0,334.0,527.0,154.0,0.0,0.0,5.0,24.0,2021-02-16,0,5,90,214,16/02/21,944.0,948.2857142857143,171.85714285714286,2545.285714285714,520.1428571428571,0.3725655273053825,0.3304037352375721,95,93.42857142857143,201.85714285714286,305.14285714285717,489.42857142857144,0.30617977528089885,0.4124343257443082,5.0,3.7142857142857144,19.714285714285715,13.714285714285714,66.14285714285714,0.27083333333333337,0.29805615550755943
75.0,238.0,330.0,110.0,0.0,0.0,2.0,11.0,2021-02-17,0,4,93,216,17/02/21,643.0,863.8571428571429,153.14285714285714,2545.285714285714,520.1428571428571,0.3393949598697873,0.2944246086240044,97,94.14285714285714,205.28571428571428,305.14285714285717,489.42857142857144,0.3085205992509363,0.41943957968476353,2.0,3.2857142857142856,19.571428571428573,13.714285714285714,66.14285714285714,0.23958333333333334,0.2958963282937365
129.0,403.0,608.0,261.0,0.0,0.0,6.0,21.0,2021-02-18,0,3,100,217,18/02/21,1140.0,863.1428571428571,164.85714285714286,2545.285714285714,520.1428571428571,0.3391143290116181,0.3169458939851689,103,96.0,209.0,305.14285714285717,489.42857142857144,0.3146067415730337,0.4270286047869235,6.0,4.0,19.571428571428573,13.714285714285714,66.14285714285714,0.2916666666666667,0.2958963282937365
122.0,477.0,602.0,231.0,0.0,0.0,5.0,23.0,2021-02-19,0,3,102,220,19/02/21,1201.0,865.2857142857143,170.57142857142858,2545.285714285714,520.1428571428571,0.33995622158612565,0.3279318868442736,105,97.71428571428571,211.85714285714286,305.14285714285717,489.42857142857144,0.32022471910112354,0.43286631640396966,5.0,4.142857142857143,20.428571428571427,13.714285714285714,66.14285714285714,0.30208333333333337,0.30885529157667385
143.0,439.0,630.0,209.0,0.0,0.0,3.0,20.0,2021-02-20,0,3,101,221,20/02/21,1212.0,891.8571428571429,172.85714285714286,2545.285714285714,520.1428571428571,0.35039568951001854,0.3323262839879154,104,98.71428571428571,214.42857142857142,305.14285714285717,489.42857142857144,0.32350187265917596,0.4381202568593111,3.0,4.142857142857143,20.0,13.714285714285714,66.14285714285714,0.30208333333333337,0.3023758099352052
77.0,288.0,344.0,176.0,0.0,0.0,0.0,25.0,2021-02-21,1,3,109,213,21/02/21,709.0,914.4285714285714,182.28571428571428,2545.285714285714,520.1428571428571,0.35926362462816414,0.3504531722054381,113,101.42857142857143,215.28571428571428,305.14285714285717,489.42857142857144,0.33239700374531833,0.439871570344425,0.0,3.4285714285714284,21.0,13.714285714285714,66.14285714285714,0.25,0.3174946004319655
56.0,303.0,374.0,137.0,0.0,0.0,3.0,21.0,2021-02-22,1,4,125,216,22/02/21,733.0,940.2857142857143,182.57142857142858,2545.285714285714,520.1428571428571,0.36942246169388787,0.35100247184839334,130,106.71428571428571,216.71428571428572,305.14285714285717,489.42857142857144,0.34971910112359544,0.44279042615294806,3.0,3.4285714285714284,20.714285714285715,13.714285714285714,66.14285714285714,0.25,0.31317494600431967
141.0,646.0,967.0,355.0,0.0,0.0,3.0,19.0,2021-02-23,1,4,124,228,23/02/21,1754.0,1056.0,211.28571428571428,2545.285714285714,520.1428571428571,0.41488466071729246,0.4062070859653941,129,111.57142857142857,218.71428571428572,305.14285714285717,489.42857142857144,0.36563670411985016,0.44687682428488035,3.0,3.142857142857143,20.0,13.714285714285714,66.14285714285714,0.22916666666666669,0.3023758099352052
185.0,608.0,804.0,304.0,0.0,0.0,3.0,25.0,2021-02-24,1,5,125,226,24/02/21,1597.0,1192.2857142857142,239.0,2545.285714285714,520.1428571428571,0.468429028455969,0.45948915133205165,131,116.42857142857143,220.14285714285714,305.14285714285717,489.42857142857144,0.38155430711610483,0.44979568009340337,3.0,3.2857142857142856,22.0,13.714285714285714,66.14285714285714,0.23958333333333334,0.3326133909287257
184.0,578.0,760.0,256.0,0.0,0.0,6.0,33.0,2021-02-25,1,5,129,232,25/02/21,1522.0,1246.857142857143,238.28571428571428,2545.285714285714,520.1428571428571,0.4898692260200932,0.4581159022246636,135,121.0,222.28571428571428,305.14285714285717,489.42857142857144,0.3965355805243445,0.45417396380618796,6.0,3.2857142857142856,23.714285714285715,13.714285714285714,66.14285714285714,0.23958333333333334,0.3585313174946005
158.0,533.0,768.0,264.0,0.0,0.0,2.0,27.0,2021-02-26,1,7,129,234,26/02/21,1459.0,1283.7142857142858,243.0,2545.285714285714,520.1428571428571,0.5043497783016221,0.4671793463334249,137,125.57142857142857,224.28571428571428,305.14285714285717,489.42857142857144,0.41151685393258425,0.4582603619381202,2.0,2.857142857142857,24.285714285714285,13.714285714285714,66.14285714285714,0.20833333333333334,0.367170626349892
142.0,494.0,743.0,246.0,0.0,0.0,2.0,27.0,2021-02-27,1,9,133,236,27/02/21,1379.0,1307.5714285714287,248.28571428571428,2545.285714285714,520.1428571428571,0.5137228489644722,0.4773413897280967,143,131.14285714285714,226.42857142857142,305.14285714285717,489.42857142857144,0.42977528089887634,0.4626386456509048,2.0,2.7142857142857144,25.285714285714285,13.714285714285714,66.14285714285714,0.19791666666666669,0.3822894168466523
139.0,383.0,530.0,217.0,0.0,0.0,5.0,31.0,2021-02-28,1,9,138,243,28/02/21,1052.0,1356.5714285714287,254.14285714285714,2545.285714285714,520.1428571428571,0.5329741258348768,0.48860203240867894,148,136.14285714285714,230.71428571428572,305.14285714285717,489.42857142857144,0.44616104868913853,0.47139521307647403,5.0,3.4285714285714284,26.142857142857142,13.714285714285714,66.14285714285714,0.25,0.3952483801295896
89.0,362.0,504.0,210.0,0.0,0.0,3.0,27.0,2021-03-01,1,10,136,259,01/03/21,955.0,1388.2857142857142,264.57142857142856,2545.285714285714,520.1428571428571,0.5454341359375877,0.5086514693765449,147,138.57142857142858,236.85714285714286,305.14285714285717,489.42857142857144,0.4541198501872659,0.48394629305312314,3.0,3.4285714285714284,27.0,13.714285714285714,66.14285714285714,0.25,0.408207343412527
229.0,694.0,1070.0,328.0,0.0,0.0,1.0,22.0,2021-03-02,1,11,142,268,02/03/21,1993.0,1422.4285714285713,260.7142857142857,2545.285714285714,520.1428571428571,0.5588482909580738,0.5012359241966493,154,142.14285714285714,242.57142857142858,305.14285714285717,489.42857142857144,0.46582397003745313,0.4956217162872154,1.0,3.142857142857143,27.428571428571427,13.714285714285714,66.14285714285714,0.22916666666666669,0.4146868250539957
252.0,828.0,1159.0,455.0,0.0,0.0,7.0,33.0,2021-03-03,1,10,145,275,03/03/21,2239.0,1514.142857142857,282.2857142857143,2545.285714285714,520.1428571428571,0.5948812931469944,0.5427080472397693,156,145.71428571428572,249.57142857142858,305.14285714285717,489.42857142857144,0.47752808988764045,0.5099241097489784,7.0,3.7142857142857144,28.571428571428573,13.714285714285714,66.14285714285714,0.27083333333333337,0.4319654427645789
258.0,684.0,935.0,330.0,0.0,0.0,2.0,33.0,2021-03-04,1,10,153,285,04/03/21,1877.0,1564.857142857143,292.85714285714283,2545.285714285714,520.1428571428571,0.6148060840770051,0.5630321340291129,164,149.85714285714286,257.14285714285717,305.14285714285717,489.42857142857144,0.49110486891385763,0.5253940455341507,2.0,3.142857142857143,28.571428571428573,13.714285714285714,66.14285714285714,0.22916666666666669,0.4319654427645789
240.0,689.0,911.0,334.0,0.0,1.0,3.0,28.0,2021-03-05,1,8,157,285,05/03/21,1840.0,1619.2857142857142,302.85714285714283,2545.285714285714,520.1428571428571,0.6361901554694954,0.582257621532546,166,154.0,264.42857142857144,305.14285714285717,489.42857142857144,0.5046816479400749,0.5402802101576182,4.0,3.4285714285714284,28.714285714285715,13.714285714285714,66.14285714285714,0.25,0.4341252699784018
244.0,718.0,959.0,382.0,0.0,1.0,2.0,38.0,2021-03-06,1,8,160,283,06/03/21,1921.0,1696.7142857142858,322.2857142857143,2545.285714285714,520.1428571428571,0.6666105404950329,0.6196099972535019,169,157.71428571428572,271.14285714285717,305.14285714285717,489.42857142857144,0.5168539325842696,0.5539988324576767,3.0,3.5714285714285716,30.285714285714285,13.714285714285714,66.14285714285714,0.2604166666666667,0.4578833693304536
89.0,371.0,499.0,180.0,0.0,1.0,5.0,47.0,2021-03-07,1,7,174,284,07/03/21,959.0,1683.4285714285713,317.0,2545.285714285714,520.1428571428571,0.6613908065330864,0.60944795385883,182,162.57142857142858,277.0,305.14285714285717,489.42857142857144,0.5327715355805244,0.5659661412726211,6.0,3.7142857142857144,32.57142857142857,13.714285714285714,66.14285714285714,0.27083333333333337,0.4924406047516199
106.0,352.0,474.0,231.0,1.0,0.0,9.0,29.0,2021-03-08,0,8,176,293,08/03/21,932.0,1680.142857142857,320.0,2545.285714285714,520.1428571428571,0.6600999045855083,0.61521560010986,184,167.85714285714286,281.85714285714283,305.14285714285717,489.42857142857144,0.5500936329588014,0.5758902510215994,10.0,4.714285714285714,32.857142857142854,13.714285714285714,66.14285714285714,0.34375000000000006,0.49676025917926564
223.0,1037.0,1405.0,507.0,0.0,0.0,3.0,43.0,2021-03-09,0,8,183,293,09/03/21,2665.0,1776.142857142857,345.57142857142856,2545.285714285714,520.1428571428571,0.6978166919234439,0.6643779181543532,191,173.14285714285714,285.42857142857144,305.14285714285717,489.42857142857144,0.5674157303370786,0.5831873905429072,3.0,5.0,35.857142857142854,13.714285714285714,66.14285714285714,0.36458333333333337,0.5421166306695464
211.0,840.0,1131.0,442.0,0.0,0.0,10.0,33.0,2021-03-10,0,7,182,290,10/03/21,2182.0,1768.0,343.7142857142857,2545.285714285714,520.1428571428571,0.6946175001403154,0.6608074704751442,189,177.85714285714286,287.57142857142856,305.14285714285717,489.42857142857144,0.5828651685393258,0.5875656742556917,10.0,5.428571428571429,35.857142857142854,13.714285714285714,66.14285714285714,0.39583333333333337,0.5421166306695464
207.0,809.0,1101.0,442.0,0.0,0.0,7.0,44.0,2021-03-11,0,6,193,307,11/03/21,2117.0,1802.2857142857142,359.7142857142857,2545.285714285714,520.1428571428571,0.7080877813324353,0.6915682504806372,199,182.85714285714286,290.7142857142857,305.14285714285717,489.42857142857144,0.599250936329588,0.5939871570344425,7.0,6.142857142857143,37.42857142857143,13.714285714285714,66.14285714285714,0.44791666666666674,0.5658747300215984
193.0,776.0,986.0,406.0,0.0,0.0,8.0,41.0,2021-03-12,0,8,197,316,12/03/21,1955.0,1818.7142857142858,370.0,2545.285714285714,520.1428571428571,0.7145422910703262,0.7113430376270256,205,188.42857142857142,295.14285714285717,305.14285714285717,489.42857142857144,0.61750936329588,0.603035610040864,8.0,6.714285714285714,39.285714285714285,13.714285714285714,66.14285714285714,0.48958333333333337,0.593952483801296
244.0,825.0,1034.0,400.0,0.0,0.0,10.0,42.0,2021-03-13,0,7,194,344,13/03/21,2103.0,1844.7142857142858,372.57142857142856,2545.285714285714,520.1428571428571,0.7247572543076837,0.7162867344136227,201,193.0,303.85714285714283,305.14285714285717,489.42857142857144,0.6324906367041198,0.6208406304728545,10.0,7.714285714285714,39.857142857142854,13.714285714285714,66.14285714285714,0.5625,0.6025917926565875
145.0,526.0,661.0,289.0,0.0,0.0,16.0,37.0,2021-03-14,0,9,200,355,14/03/21,1332.0,1898.0,388.14285714285717,2545.285714285714,520.1428571428571,0.7456923163271033,0.7462235649546829,209,196.85714285714286,314.0,305.14285714285717,489.42857142857144,0.6451310861423221,0.6415645067133683,16.0,9.142857142857142,38.42857142857143,13.714285714285714,66.14285714285714,0.6666666666666666,0.5809935205183586
87.0,311.0,486.0,246.0,0.0,0.0,10.0,36.0,2021-03-15,0,9,199,356,15/03/21,884.0,1891.142857142857,390.2857142857143,2545.285714285714,520.1428571428571,0.7429982600886793,0.750343312276847,208,200.28571428571428,323.0,305.14285714285717,489.42857142857144,0.6563670411985018,0.6599532983070636,10.0,9.142857142857142,39.42857142857143,13.714285714285714,66.14285714285714,0.6666666666666666,0.5961123110151189
116.0,428.0,701.0,258.0,0.0,0.0,3.0,56.0,2021-03-16,0,13,208,384,16/03/21,1245.0,1688.2857142857142,354.7142857142857,2545.285714285714,520.1428571428571,0.6632990963686367,0.6819555067289207,221,204.57142857142858,336.0,305.14285714285717,489.42857142857144,0.6704119850187266,0.6865148861646234,3.0,9.142857142857142,41.285714285714285,13.714285714285714,66.14285714285714,0.6666666666666666,0.6241900647948164
229.0,1110.0,1578.0,536.0,0.0,0.0,8.0,48.0,2021-03-17,0,16,219,395,17/03/21,2917.0,1793.2857142857142,368.14285714285717,2545.285714285714,520.1428571428571,0.7045518325195038,0.7077725899478167,235,211.14285714285714,351.0,305.14285714285717,489.42857142857144,0.6919475655430711,0.7171628721541156,8.0,8.857142857142858,43.42857142857143,13.714285714285714,66.14285714285714,0.6458333333333334,0.6565874730021599
219.0,1028.0,1310.0,507.0,0.0,0.0,11.0,34.0,2021-03-18,0,17,227,401,18/03/21,2557.0,1856.142857142857,377.42857142857144,2545.285714285714,520.1428571428571,0.7292473480383903,0.7256248283438617,244,217.57142857142858,364.42857142857144,305.14285714285717,489.42857142857144,0.7130149812734082,0.7446001167542323,11.0,9.428571428571429,42.0,13.714285714285714,66.14285714285714,0.6875000000000001,0.634989200863931
216.0,908.0,1144.0,466.0,0.0,0.0,6.0,58.0,2021-03-19,0,16,224,409,19/03/21,2268.0,1900.857142857143,386.0,2545.285714285714,520.1428571428571,0.74681483975978,0.7421038176325185,240,222.57142857142858,377.7142857142857,305.14285714285717,489.42857142857144,0.7294007490636704,0.7717454757734967,6.0,9.142857142857142,44.42857142857143,13.714285714285714,66.14285714285714,0.6666666666666666,0.6717062634989202
207.0,864.0,1080.0,379.0,0.0,1.0,5.0,54.0,2021-03-20,0,16,226,430,20/03/21,2151.0,1907.7142857142858,383.0,2545.285714285714,520.1428571428571,0.749508895998204,0.7363361713814887,242,228.42857142857142,390.0,305.14285714285717,489.42857142857144,0.7485955056179774,0.7968476357267951,6.0,8.571428571428571,46.142857142857146,13.714285714285714,66.14285714285714,0.625,0.6976241900647949
122.0,508.0,625.0,259.0,0.0,0.0,5.0,36.0,2021-03-21,0,16,232,426,21/03/21,1255.0,1896.7142857142858,378.7142857142857,2545.285714285714,520.1428571428571,0.7451871807823989,0.7280966767371602,248,234.0,400.14285714285717,305.14285714285717,489.42857142857144,0.7668539325842696,0.8175715119673088,5.0,7.0,46.0,13.714285714285714,66.14285714285714,0.5104166666666667,0.695464362850972
113.0,578.0,739.0,270.0,0.0,0.0,11.0,58.0,2021-03-22,0,14,240,427,22/03/21,1430.0,1974.7142857142858,382.14285714285717,2545.285714285714,520.1428571428571,0.7758320704944717,0.734688272452623,254,240.57142857142858,410.2857142857143,305.14285714285717,489.42857142857144,0.7883895131086142,0.8382953882078225,11.0,7.142857142857143,49.142857142857146,13.714285714285714,66.14285714285714,0.5208333333333334,0.7429805615550756
240.0,1244.0,1467.0,572.0,0.0,0.0,7.0,44.0,2021-03-23,0,12,245,442,23/03/21,2951.0,2218.4285714285716,427.0,2545.285714285714,520.1428571428571,0.8715833193017904,0.8209283163965944,257,245.71428571428572,418.57142857142856,305.14285714285717,489.42857142857144,0.8052434456928839,0.8552247518972562,7.0,7.714285714285714,47.42857142857143,13.714285714285714,66.14285714285714,0.5625,0.717062634989201
217.0,1050.0,1305.0,468.0,0.0,1.0,10.0,56.0,2021-03-24,0,13,247,439,24/03/21,2572.0,2169.1428571428573,417.2857142857143,2545.285714285714,520.1428571428571,0.8522197900881182,0.8022521285361165,260,249.28571428571428,424.85714285714283,305.14285714285717,489.42857142857144,0.816947565543071,0.8680677174547576,11.0,8.142857142857142,48.57142857142857,13.714285714285714,66.14285714285714,0.59375,0.734341252699784
185.0,877.0,1117.0,398.0,0.0,0.0,9.0,43.0,2021-03-25,0,14,251,441,25/03/21,2179.0,2115.1428571428573,401.7142857142857,2545.285714285714,520.1428571428571,0.8310040972105294,0.7723152979950564,265,252.28571428571428,430.57142857142856,305.14285714285717,489.42857142857144,0.8267790262172283,0.87974314068885,9.0,7.857142857142857,49.857142857142854,13.714285714285714,66.14285714285714,0.5729166666666666,0.7537796976241901
112.0,481.0,627.0,248.0,0.0,2.0,8.0,43.0,2021-03-26,0,15,248,444,26/03/21,1220.0,1965.4285714285713,370.57142857142856,2545.285714285714,520.1428571428571,0.7721838693382724,0.712441636912936,263,255.57142857142858,435.57142857142856,305.14285714285717,489.42857142857144,0.8375468164794008,0.8899591360186806,10.0,8.428571428571429,47.714285714285715,13.714285714285714,66.14285714285714,0.6145833333333334,0.7213822894168467
240.0,1050.0,1339.0,484.0,0.0,1.0,7.0,64.0,2021-03-27,0,17,253,458,27/03/21,2629.0,2033.7142857142858,385.57142857142856,2545.285714285714,520.1428571428571,0.7990121793792446,0.7412798681680857,270,259.57142857142856,439.57142857142856,305.14285714285717,489.42857142857144,0.8506554307116103,0.8981319322825452,8.0,8.714285714285714,49.142857142857146,13.714285714285714,66.14285714285714,0.6354166666666666,0.7429805615550756
146.0,447.0,608.0,230.0,0.0,1.0,9.0,44.0,2021-03-28,0,15,262,458,28/03/21,1201.0,2026.0,381.42857142857144,2545.285714285714,520.1428571428571,0.7959813661110176,0.7333150233452349,277,263.7142857142857,444.14285714285717,305.14285714285717,489.42857142857144,0.8642322097378277,0.9074722708698191,10.0,9.428571428571429,50.285714285714285,13.714285714285714,66.14285714285714,0.6875000000000001,0.7602591792656588
98.0,535.0,766.0,324.0,0.0,0.0,14.0,51.0,2021-03-29,0,17,253,468,29/03/21,1399.0,2021.5714285714287,389.14285714285717,2545.285714285714,520.1428571428571,0.7942414547903688,0.7481461137050262,270,266.0,450.0,305.14285714285717,489.42857142857144,0.8717228464419475,0.9194395796847635,14.0,9.857142857142858,49.285714285714285,13.714285714285714,66.14285714285714,0.7187500000000001,0.7451403887688985
304.0,1497.0,1849.0,664.0,0.0,1.0,11.0,60.0,2021-03-30,0,16,261,464,30/03/21,3650.0,2121.4285714285716,402.2857142857143,2545.285714285714,520.1428571428571,0.833473648762418,0.7734138972809668,277,268.85714285714283,453.14285714285717,305.14285714285717,489.42857142857144,0.8810861423220973,0.9258610624635143,12.0,10.571428571428571,51.57142857142857,13.714285714285714,66.14285714285714,0.7708333333333334,0.7796976241900648
237.0,1196.0,1500.0,653.0,0.0,1.0,11.0,64.0,2021-03-31,0,14,263,462,31/03/21,2933.0,2173.0,428.7142857142857,2545.285714285714,520.1428571428571,0.8537351967222316,0.8242241142543258,277,271.2857142857143,456.42857142857144,305.14285714285717,489.42857142857144,0.8890449438202246,0.9325744308231173,12.0,10.714285714285714,52.714285714285715,13.714285714285714,66.14285714285714,0.78125,0.796976241900648
262.0,1235.0,1389.0,592.0,0.0,0.0,8.0,59.0,2021-04-01,0,15,263,477,01/04/21,2886.0,2274.0,456.42857142857144,2545.285714285714,520.1428571428571,0.8934164000673515,0.8775061796209833,278,273.14285714285717,461.57142857142856,305.14285714285717,489.42857142857144,0.8951310861423221,0.9430823117338003,8.0,10.571428571428571,55.0,13.714285714285714,66.14285714285714,0.7708333333333334,0.8315334773218143
254.0,1101.0,1198.0,496.0,0.0,1.0,7.0,64.0,2021-04-02,0,18,268,467,02/04/21,2553.0,2464.4285714285716,491.85714285714283,2545.285714285714,520.1428571428571,0.9682325868552507,0.945619335347432,286,276.42857142857144,464.85714285714283,305.14285714285717,489.42857142857144,0.9058988764044944,0.9497956800934033,8.0,10.285714285714286,58.0,13.714285714285714,66.14285714285714,0.7500000000000001,0.8768898488120951
245.0,1057.0,1354.0,558.0,0.0,0.0,9.0,61.0,2021-04-03,0,19,266,470,03/04/21,2656.0,2468.285714285714,502.42857142857144,2545.285714285714,520.1428571428571,0.9697479934893641,0.9659434221367758,285,278.57142857142856,466.57142857142856,305.14285714285717,489.42857142857144,0.9129213483146066,0.953298307063631,9.0,10.428571428571429,57.57142857142857,13.714285714285714,66.14285714285714,0.7604166666666667,0.8704103671706264
166.0,634.0,805.0,346.0,1.0,0.0,12.0,65.0,2021-04-04,0,19,270,460,04/04/21,1605.0,2526.0,519.0,2545.285714285714,520.1428571428571,0.9924229668294325,0.9978028014281791,289,280.2857142857143,466.85714285714283,305.14285714285717,489.42857142857144,0.9185393258426965,0.9538820782253356,13.0,10.857142857142858,60.57142857142857,13.714285714285714,66.14285714285714,0.7916666666666667,0.9157667386609072
100.0,627.0,807.0,332.0,0.0,0.0,6.0,67.0,2021-04-05,0,18,270,471,05/04/21,1534.0,2545.285714285714,520.1428571428571,2545.285714285714,520.1428571428571,1.0,1.0,288,282.85714285714283,467.2857142857143,305.14285714285717,489.42857142857144,0.9269662921348313,0.9547577349678925,6.0,9.714285714285714,62.857142857142854,13.714285714285714,66.14285714285714,0.7083333333333334,0.9503239740820735
289.0,1440.0,1912.0,663.0,0.0,0.0,9.0,70.0,2021-04-06,0,19,265,467,06/04/21,3641.0,2544.0,520.0,2545.285714285714,520.1428571428571,0.9994948644552956,0.9997253501785225,284,283.85714285714283,467.7142857142857,305.14285714285717,489.42857142857144,0.9302434456928838,0.9556333917104495,9.0,9.285714285714286,64.28571428571429,13.714285714285714,66.14285714285714,0.6770833333333335,0.9719222462203025
240.0,1088.0,1542.0,567.0,0.0,0.0,12.0,63.0,2021-04-07,0,19,259,471,07/04/21,2870.0,2535.0,507.7142857142857,2545.285714285714,520.1428571428571,0.995958915642364,0.9761054655314475,278,284.0,469.0,305.14285714285717,489.42857142857144,0.9307116104868913,0.9582603619381203,12.0,9.285714285714286,64.14285714285714,13.714285714285714,66.14285714285714,0.6770833333333335,0.9697624190064795
235.0,1082.0,1284.0,531.0,0.0,1.0,11.0,61.0,2021-04-08,0,18,275,483,08/04/21,2601.0,2494.285714285714,499.0,2545.285714285714,520.1428571428571,0.9799629567267216,0.9593518264213129,293,286.14285714285717,469.85714285714283,305.14285714285717,489.42857142857144,0.9377340823970037,0.960011675423234,12.0,9.857142857142858,64.42857142857143,13.714285714285714,66.14285714285714,0.7187500000000001,0.9740820734341253
225.0,944.0,1149.0,422.0,0.0,0.0,7.0,71.0,2021-04-09,0,18,286,486,09/04/21,2318.0,2460.714285714286,488.42857142857144,2545.285714285714,520.1428571428571,0.966773306392771,0.9390277396319693,304,288.7142857142857,472.57142857142856,305.14285714285717,489.42857142857144,0.9461610486891385,0.9655575014594279,7.0,9.714285714285714,65.42857142857143,13.714285714285714,66.14285714285714,0.7083333333333334,0.9892008639308856
240.0,929.0,1148.0,462.0,0.0,0.0,12.0,63.0,2021-04-10,0,19,274,488,10/04/21,2317.0,2412.285714285714,474.7142857142857,2545.285714285714,520.1428571428571,0.9477465342089016,0.9126613567701182,293,289.85714285714283,475.14285714285717,305.14285714285717,489.42857142857144,0.9499063670411984,0.9708114419147694,12.0,10.142857142857142,65.71428571428571,13.714285714285714,66.14285714285714,0.7395833333333334,0.9935205183585313
151.0,609.0,702.0,285.0,0.0,1.0,5.0,46.0,2021-04-11,0,18,280,482,11/04/21,1462.0,2391.8571428571427,466.0,2545.285714285714,520.1428571428571,0.9397204916652635,0.8959077176599836,298,291.14285714285717,478.2857142857143,305.14285714285717,489.42857142857144,0.954119850187266,0.9772329246935201,6.0,9.142857142857142,63.0,13.714285714285714,66.14285714285714,0.6666666666666666,0.9524838012958964
155.0,485.0,673.0,288.0,0.0,0.0,13.0,63.0,2021-04-12,0,21,282,478,12/04/21,1313.0,2360.285714285714,459.7142857142857,2545.285714285714,520.1428571428571,0.9273166077341864,0.8838231255149684,303,293.2857142857143,479.2857142857143,305.14285714285717,489.42857142857144,0.9611423220973782,0.9792761237594863,13.0,10.142857142857142,62.42857142857143,13.714285714285714,66.14285714285714,0.7395833333333334,0.9438444924406049
443.0,1266.0,1704.0,601.0,0.0,0.0,16.0,77.0,2021-04-13,0,23,288,491,13/04/21,3413.0,2327.714285714286,450.85714285714283,2545.285714285714,520.1428571428571,0.9145198406016726,0.8667948365833562,311,297.14285714285717,482.7142857142857,305.14285714285717,489.42857142857144,0.9737827715355806,0.9862813776999416,16.0,11.142857142857142,63.42857142857143,13.714285714285714,66.14285714285714,0.8125,0.9589632829373651
254.0,1032.0,1316.0,478.0,0.0,3.0,16.0,62.0,2021-04-14,0,22,293,494,14/04/21,2602.0,2289.4285714285716,438.14285714285717,2545.285714285714,520.1428571428571,0.8994780266038054,0.8423510024718485,315,302.42857142857144,486.0,305.14285714285717,489.42857142857144,0.9911048689138576,0.9929947460595446,19.0,12.142857142857142,63.285714285714285,13.714285714285714,66.14285714285714,0.8854166666666666,0.9568034557235422
404.0,1282.0,1551.0,587.0,0.0,1.0,22.0,81.0,2021-04-15,0,20,292,507,15/04/21,3237.0,2380.285714285714,446.14285714285717,2545.285714285714,520.1428571428571,0.935174271762923,0.857731392474595,312,305.14285714285717,489.42857142857144,305.14285714285717,489.42857142857144,1.0,1.0,23.0,13.714285714285714,66.14285714285714,13.714285714285714,66.14285714285714,1.0,1.0
