country,military_expenditure_local_currency
Αλβανία,54106000000.0
Αυστρία,5632000000.0
Βέλγιο,12882000000.0
Βουλγαρία,4489000000.0
Βόρεια Μακεδονία,20451000000.0
Γαλλία,60286000000.0
Γερμανία,100689400000.0
Δανία,98900000000.0
Ελλάδα,7436000000.0
Εσθονία,1397000000.0
Ιρλανδία,1375000000.0
Ισπανία,35647720000.0
Ιταλια,42677400000.0
Κροατία,1863000000.0
Κύπρος,588000000.0
Λετονία,1535000000.0
Λιθουανία,2617000000.0
Λουξεμβούργο,758286000.0
Μάλτα,110504000.0
Ολλανδία,25658000000.0
Ουγγαρία,1765140000000.0
Πολωνία,175733000000.0
Πορτογαλία,5195800000.0
Σλοβακία,2764400000.0
Σλοβενία,1083000000.0
Σουηδία,161674000000.0
Τουρκία,1186520199580.8
Τσεχία,154395000000.0
Φινλανδία,7164000000.0
