country,military_expenditure_dollars
Αλβανία,623614024.57297
Αυστρία,6353360557.72398
Βέλγιο,14531958576.8111
Βουλγαρία,2589155424.30657
Βόρεια Μακεδονία,374751246.971901
Γαλλία,68007580714.3018
Γερμανία,113585948604.562
Δανία,14948790190.9334
Ελλάδα,8388421361.36994
Εσθονία,1575931232.09169
Ιρλανδία,1551113417.41308
Ισπανία,40211754089.1145
Ιταλια,48143627462.04
Κροατία,2101617670.28405
Κύπρος,663312501.410103
Λετονία,1731606615.07569
Λιθουανία,2952191864.26911
Λουξεμβούργο,855409155.517451
Μάλτα,124657626.965684
Ολλανδία,28944340410.1708
Ουγγαρία,5001983632.20059
Πολωνία,46760133894.5979
Πορτογαλία,5861290977.59628
Σλοβακία,3118330513.25437
Σλοβενία,1221658206.42978
Σουηδία,16473477206.4967
Τουρκία,29986711540.6008
Τσεχία,7051481133.02338
Φινλανδία,8081582925.3435
