country,military_expenditure_pct_gdp
E.E.,2.17947264343401
Αλβανία,2.0325031435
Αυστρία,1.1006335138
Βέλγιο,2.0088938712
Βουλγαρία,2.0063745775
Βόρεια Μακεδονία,1.9664112754
Γαλλία,2.0266296921
Γερμανία,2.2685109251
Δανία,3.2528520512
Ελλάδα,2.9888142526
Εσθονία,3.3744178008
Ιρλανδία,0.2191297918
Ισπανία,2.1289211383
Ιταλια,1.8887272003
Κροατία,2.0185583437
Κύπρος,1.6053109616
Λετονία,3.6077210003
Λιθουανία,3.0797536647
Λουξεμβούργο,0.8510505051
Μάλτα,0.448828839
Ολλανδία,2.1945445153
Ουγγαρία,2.0368010225
Πολωνία,4.4969375748
Πορτογαλία,1.7112082111
Σλοβακία,2.0319797042
Σλοβενία,1.544164825
Σουηδία,2.4711848495
Τουρκία,1.9082522771
Τσεχία,1.8356469694
Φινλανδία,2.5711701624
