country,military_expenditure_pct_of_expenditure
E.E.,4.44519929793287
Αλβανία,6.7060391039
Αυστρία,2.0010303601
Βέλγιο,3.6733611454
Βουλγαρία,5.1987307176
Βόρεια Μακεδονία,5.1305916324
Γαλλία,3.5339019762
Γερμανία,4.4969616633
Δανία,6.6428937493
Ελλάδα,5.9773478132
Εσθονία,7.5374986511
Ιρλανδία,0.9269626161
Ισπανία,4.7368797314
Ιταλια,3.7391937464
Κροατία,4.1425776038
Κύπρος,4.0395713108
Λετονία,8.1762011292
Λιθουανία,7.5978399721
Λουξεμβούργο,1.7511974319
Μάλτα,1.2614611872
Ολλανδία,4.8410316012
Ουγγαρία,4.2861129615
Πολωνία,9.0177940983
Πορτογαλία,3.9742991548
Σλοβακία,4.1603082156
Σλοβενία,3.2043316173
Σουηδία,5.0457089284
Τουρκία,5.8629407604
Τσεχία,4.2315500226
Φινλανδία,4.411004113
