year,E.E.,Αλβανία,Αυστρία,Βέλγιο,Βουλγαρία,Βόρεια Μακεδονία,Γαλλία,Γερμανία,Δανία,Ελλάδα,Εσθονία,Ιρλανδία,Ισπανία,Ιταλια,Κροατία,Κύπρος,Λετονία,Λιθουανία,Λουξεμβούργο,Μάλτα,Ολλανδία,Ουγγαρία,Πολωνία,Πορτογαλία,Σλοβακία,Σλοβενία,Σουηδία,Τουρκία,Τσεχία,Φινλανδία
1980,2.71912509540285,6.0520216328,1.4202461061,3.2501953855,,,3.1552050849,2.9476284198,2.3630925227,4.6608059952,,1.6652670122,2.4898957849,1.7636432371,,,,,1.1531855233,,2.7842985662,3.3425797503,2.6523297491,2.0267249105,,,2.923451596,3.9003132967,,1.6709354799
1981,2.79778906519098,5.8483170534,1.3800517335,3.3660494361,,,3.2461326105,3.0277852154,2.438666392,5.7357013089,,1.5806066184,2.5821087448,1.821112506,,,,,1.2102732296,,2.8631194423,3.3337607386,2.9131856157,2.0026738391,,,2.9482371469,3.82453187,,1.5455867306
1982,2.82871862472535,5.6515957447,1.4129967302,3.2699445914,,,3.2238391338,3.0202362968,2.4198950252,5.6265934582,,1.5912369479,2.6603067458,2.0053729031,,,,,1.1922666531,,3.1414705898,3.2433069937,3.2455824017,2.0351335405,,,2.8537547841,4.2981513121,,1.64375015
1983,2.80329489584653,5.44128199,1.3911758842,3.1914131705,,,3.2371317748,3.0129485327,2.3647428761,5.1724766628,,1.4926312328,2.9362728999,2.0165014199,,,,,1.2045410458,,2.8485847448,3.3359366284,2.9029462738,1.9092767397,,,2.7378226181,3.9376052055,,1.8232638142
1984,2.73331760383921,6.1175045427,1.4141583362,3.0079024492,,,3.1873692509,2.912666073,2.2354707255,4.8354443369,,1.4124394253,2.9660055044,2.0086077736,,,,,1.1535457263,,2.8617244174,3.1476750128,3.0550373134,1.8613234071,,,2.6719613226,3.597093815,,1.6040418011
1985,2.69443774777376,5.6514261994,1.5126235665,2.9312338541,,,3.1439328023,2.8540935535,2.1046721071,4.6925669384,,1.4160442041,2.9547217082,1.9363689202,,1.2702916956,,,0.9602694917,1.2762510345,2.7682181209,4.972429138,3.0157970321,1.8435433758,,,2.6730084001,3.5310431588,,1.6765790728
1986,2.60673976936138,5.6261865041,1.5087585415,2.953772624,,,3.0857650158,2.7773996495,1.9448192367,4.1280151221,,1.4232052652,2.6250366797,1.9771426421,,1.5771578986,,,0.9221183801,1.2691838259,2.725119786,3.2237325496,2.9414035359,1.9158254529,,,2.5865682564,3.6379924825,,1.7239099534
1987,2.62959700219145,5.8622289226,1.4166779027,2.9017947926,,,3.1204516051,2.7594536483,2.0316474834,4.2555204484,,1.282300247,2.614700689,2.060353644,,5.3914776975,,,1.0137993516,1.4562577687,2.713467178,3.1555772994,2.7626918536,1.8593020778,,,2.6532905147,3.3285852505,,1.6455330096
1988,2.54202574027252,5.6173166284,1.2991811442,2.6287484162,,,3.0003405891,2.6286733402,2.0874706324,4.1982322306,,1.1994341527,2.4893752172,2.0728574592,,5.7002560291,,,1.0531802282,1.2210667314,2.6109094685,3.5962232713,2.5920550812,1.8854264665,,,2.5852867488,2.9322086364,,1.6076911731
1989,2.45349087849988,5.1676127236,1.2341549253,2.4608543236,4.3962707496,,2.9178346587,2.5206965803,2.024220137,3.7658694646,,1.1054761195,2.3596751423,2.0264273199,,5.3693550975,,,0.8727204295,1.1081848374,2.5174039055,2.7861620618,1.8171215105,1.8875026445,,,2.5088339223,3.1487265209,,1.5343144924
1990,2.38281204943847,5.8883007197,1.1956602667,2.3554404589,3.8334434898,,2.844639595,2.5067636118,1.950757035,3.7982603271,,1.203503284,2.293305209,1.8807984133,,7.374035613,,,0.8725946455,0.9149180122,2.3690198851,2.5635380271,2.6124857435,1.8408281254,,,2.5689803155,3.5277056938,,1.5633514986
1991,2.18507481782901,5.7912704218,1.1542171185,2.2876928471,3.043231573,,2.8492192534,1.9738225035,1.9197587395,3.4848651099,,1.2539353126,2.1291922311,1.8588526838,,7.2647761225,,,0.8980974515,0.8711198922,2.2485315309,2.1614697995,2.2516502252,1.8299547817,,,2.4543063903,3.7543642481,,1.7812310365
1992,2.08505166963084,4.6708878237,1.0992140716,1.8323325301,2.9726338432,,2.7275681659,1.83607973,1.8551510213,3.6298008904,,1.2041185499,2.042803676,1.7519769835,7.6073864434,9.1292860442,,,0.9156006415,0.973183399,2.2130025963,2.1796531721,2.2309994432,1.8052441,,2.2472333323,2.4441930717,3.8705665002,,1.9071310116
1993,2.02294261807468,3.1994510667,1.1155845413,1.7359658934,2.6092716118,,2.7216844138,1.6772597331,1.8740851906,3.6001246956,0.7617519609,1.1392251487,2.011871737,1.7867679733,10.7267571545,4.074952605,0.7352954064,0.8122606433,0.7827276412,1.0019610478,2.0278294085,1.9065682898,2.4691873154,1.7865070658,1.9963603215,1.8173013501,2.3565705627,3.9214172545,2.3304040663,1.8680115066
1994,1.94473288740459,2.5478190604,1.0944530762,1.6771431501,2.4926172862,,2.6907323831,1.5366036134,1.7426002623,3.5819723288,1.0416302737,1.1087325912,2.0013374022,1.7137427596,11.1481772894,4.023989196,0.838757227,0.4933775985,0.8208117003,1.024059115,1.9130609755,1.8241343839,2.2732321034,1.6812127584,1.9395190145,1.6540746623,2.2538027112,4.051359337,2.2834008576,1.7556035954
1995,1.80482344933084,1.7523517637,1.0732320521,1.5446405538,1.6383457568,,2.5154222628,1.4872724687,1.6867595737,3.0966367503,0.9305860084,1.0153630233,1.9170223947,1.4596371768,9.1015276974,3.0410342149,0.8315371791,0.4514802232,0.6821772531,0.839629967,1.768737577,1.3139594616,1.9037995733,1.7071578736,3.1007028909,1.5660945844,2.1455478517,2.814772724,1.7588553307,1.4225414992
1996,1.7881208448191,1.4133123203,1.0496829774,1.5193168418,1.7374295827,2.8136767423,2.4376632643,1.4573717528,1.6461435449,3.2373206903,0.8663114094,0.9908962658,1.8144390162,1.5814278354,8.0751315494,4.5247148289,0.6579438134,0.5012839306,0.6771775092,0.8710571681,1.734549667,1.2496817746,1.9173924275,1.6016403132,2.9341888148,1.5370278255,2.1247981825,3.0004283866,1.6575860773,1.5304722712
1997,1.75458307679433,1.3201347338,1.0464339819,1.4578661901,2.1594802998,2.1282469441,2.3939569675,1.4027075905,1.6187243079,3.296027414,1.0288645338,0.923621424,1.7228156794,1.6189352379,7.4780518956,5.5739107699,0.5982683371,0.7435845484,0.6853337991,0.822349256,1.6381810312,1.468339218,1.9964946342,1.5415476057,2.2678399545,1.4028707409,1.9396731666,2.9535511752,1.5803034973,1.5351550507
1998,1.71091655312291,1.2890834876,1.018072863,1.4173958125,2.1315162132,2.0982397612,2.2468089386,1.3816569891,1.6090711811,3.4554146457,1.0567734113,0.8230676383,1.7573199489,1.6362128226,5.5455580518,4.6763179459,0.6047795006,1.2239404748,0.7103848223,0.725207281,1.5585339847,1.2677517513,1.9916575834,1.423018694,1.735350988,1.3653087796,1.8945970481,3.1811314661,1.7355976622,1.4631755578
1999,1.68891518499809,1.2989724219,0.9802461234,1.3939306898,2.6195011639,1.7138206059,2.1981532992,1.3803477991,1.5655365157,3.494208688,1.280402946,0.7500765694,1.755234589,1.6752255892,4.3830672834,2.7338509696,0.7723688092,0.9657706673,0.6424058215,0.6806400726,1.5697512514,1.4299026877,1.8901422469,1.4262699397,1.5698534459,1.2156086025,1.8769095694,3.8772104916,1.8386874111,1.2231037716
2000,1.6506758988041,1.2628660159,0.9839608973,1.3508653683,2.6524557616,1.8508214596,2.0921890103,1.3442158195,1.4584656168,3.5947987059,1.3761323212,0.6949610522,1.7255179884,1.7333974081,3.0245823571,2.8220901513,0.9017669706,1.2154903089,0.6047152037,0.6280781567,1.4334208332,1.5142098474,1.8190453511,1.4070359633,1.6537043246,1.1030903407,1.8217445273,3.637410781,1.8614701838,1.2400099717
2001,1.60554312076843,1.3098389161,0.9112321251,1.2835232881,2.8625195439,6.1003956277,2.0414841528,1.307898269,1.5315426213,3.3562756623,1.5009769937,0.7027650144,1.6295840329,1.6668744423,2.7057513549,3.1532221595,1.0618032343,1.3610258337,0.7495847238,0.6661900344,1.4347508288,1.5707471728,1.8927041086,1.4450618548,1.8433377448,1.3134765623,1.7022922797,3.568861721,1.7355282928,1.1431199131
2002,1.58992155029154,1.2966677658,0.8882973338,1.2237613168,2.7796765548,2.6455975188,2.0585726402,1.3134403343,1.5068588205,3.1656567176,1.6562605435,0.6338333461,1.4559737016,1.6939425489,2.7088082929,2.1301607354,1.5917994426,1.2709384622,0.6517107968,0.637560682,1.4215521544,1.5956687713,1.8909740292,1.4648125667,1.7763886954,1.4084785163,1.6286522337,3.7588155467,1.8090114647,1.1534626785
2003,1.5833918450307,1.3242251937,0.9154519211,1.2211940105,2.6912014716,2.3417011587,2.1064709568,1.2986963478,1.4646673286,2.5627813275,1.7355091744,0.5874560237,1.422544393,1.6983995124,2.0261473528,1.9851631244,1.6822033495,1.120833819,0.6710568272,0.6298247508,1.4379463237,1.6452111863,1.8989036483,1.4335802747,1.8497528931,1.4199050548,1.5881629793,3.2587721574,1.8775221067,1.4454744351
2004,1.55841191225786,1.3640438388,0.897058497,1.1565943905,2.3737116819,2.3801040713,2.1141663386,1.2507280812,1.4202401545,2.6720280846,1.6871822115,0.5678998332,1.4302211797,1.672289314,1.7403878953,1.9557691618,1.6586901203,1.1910406251,0.6704650938,0.6639250313,1.4206891622,1.4734494026,1.8646935634,1.5060914799,1.6557688336,1.4437902107,1.4340769406,2.6625908093,1.6996434652,1.4677185555
2005,1.52288294082628,1.3339646632,0.8559373016,1.0966411816,2.2353502673,2.0292633058,2.0281370173,1.2327558382,1.3081114676,2.9016798754,1.4497718511,0.5406126988,1.3871777536,1.5951612366,1.7440372915,2.0374697432,1.6714210582,1.1631184126,0.647270865,0.8225265749,1.3908324023,1.4112437789,1.9206518117,1.5937918031,1.6860962557,1.4304081461,1.4088832755,2.3767050157,1.7772578503,1.464704511
2006,1.47290382721637,1.5407190894,0.7914004089,1.0561230688,2.0817619078,1.8365376874,1.9773774478,1.1789865138,1.3750557468,2.8296928818,1.3873338012,0.5131512439,1.3700074615,1.5143431717,1.6666337548,1.8999978625,1.7999599504,1.1677918,0.5764440105,0.6557739915,1.3865151402,1.2197418883,1.9136927914,1.512085233,1.5943478028,1.550850546,1.3199619954,2.3293234493,1.5681146842,1.4427022568
2007,1.43322078308605,1.7526437986,0.9061039877,1.0980187644,2.228539901,1.9500696947,1.9109577779,1.1527923626,1.3040228017,2.7191751382,1.6572364662,0.5087547943,1.3631063123,1.4409182381,1.6109863424,1.6845996583,1.6364993661,1.1127313512,0.5552322899,0.6189831306,1.3468748746,1.2677875208,1.9987977435,1.377908102,1.4779832022,1.4485540064,1.3031712624,2.1872626828,1.424788332,1.2876099848
2008,1.45166845585919,1.9284068535,0.8764205176,1.2219145166,2.1318639826,1.7423408689,1.8993450468,1.1890537138,1.3488268124,3.0237241293,1.7671063631,0.5769878195,1.3676204845,1.5300512472,1.8233121162,1.6297049445,1.7043587605,1.130811184,0.2997658635,0.6133546396,1.297100103,1.1804934046,1.7455570632,1.4159467462,1.4601064565,1.5001833406,1.1707340659,2.1678108095,1.2340881779,1.3910253297
2009,1.52679182963361,1.4813847979,0.8385319475,1.1635300339,1.7395115006,1.6881645622,2.0987779145,1.2852535115,1.3444122547,3.2690400946,1.7989724168,0.6011690198,1.358353837,1.5474890961,1.7723391331,1.8168195078,1.4159349875,1.0797351283,0.3401446165,0.6767238974,1.3858099284,1.1282388412,1.792687643,1.5482015519,1.5174426046,1.6049522622,1.1657412675,2.4541439241,1.3134921892,1.5608454121
2010,1.46226425722237,1.5380080841,0.8263883669,1.0901811022,1.6424615242,1.382154611,1.9686437504,1.2421901455,1.3971018104,2.7567808794,1.7003491522,0.575229224,1.3816644927,1.4943131245,1.6663707501,1.8529245506,1.10611728,0.8904239067,0.319439451,0.6462126857,1.3175287937,1.0241336337,1.8385183644,1.5977951694,1.2498777404,1.6170496847,1.1944989358,2.2555202423,1.182897788,1.4917264449
2011,1.39816032814137,1.518489824,0.795931959,1.0445011345,1.3140002561,1.2621870998,1.8879461498,1.1827246979,1.312339289,2.5202114675,1.6724548857,0.5403175591,1.3257361817,1.4682922055,1.7370091196,1.737832091,1.1073762663,0.7970824431,0.3179579864,0.5717056806,1.2772612738,1.0387698078,1.7913148564,1.5677355598,1.0693913082,1.3018792461,1.108551393,2.0145200167,1.0691429681,1.4919936253
2012,1.4019622814702,1.4959875073,0.7835385259,1.0370296666,1.3298189651,1.2253196617,1.8715440946,1.2177379898,1.3532931405,2.476396289,1.8798489753,0.5100726211,1.4169517474,1.4194623854,1.6560484743,1.6547517021,0.9429346381,0.7691733939,0.3062766433,0.519475728,1.2255253467,1.0292472546,1.8040464986,1.8224888935,1.0769371641,1.1771719384,1.1357461058,1.9986172806,1.0556077065,1.531605266
2013,1.3503716572118,1.406695838,0.7571801926,1.004520087,1.4540428305,1.1694371886,1.8471164836,1.1624622534,1.223524904,2.3913080765,1.8838159133,0.4923769976,1.2661887268,1.3916774767,1.6079736036,1.6070090895,0.9728462489,0.7665282728,0.3019951995,0.4983403722,1.1572088159,0.9436698869,1.7900581767,1.6796772221,0.9766531533,1.05894724,1.1176943035,1.9152239917,1.0087044625,1.5400718438
2014,1.31529949723673,1.3396115619,0.7546495759,0.9662723298,1.3096022317,1.0929608003,1.8595290656,1.1279639936,1.1497978041,2.3678402626,1.8953547778,0.4481669935,1.246259441,1.2507773383,1.8082751884,1.5426019598,0.9780388807,0.8837316691,0.2388392403,0.4760262973,1.1476112798,0.8572330936,1.9082273555,1.4953230059,0.9822066474,0.9832326471,1.1347071121,1.8651949197,0.9591157223,1.45927959
2015,1.30217603631693,1.1538605576,0.7025769198,0.911829965,1.2459336065,0.9934276918,1.869732682,1.1149197773,1.1148130262,2.4774342426,1.9894450175,0.3301713024,1.2596926536,1.1790274108,1.7489187748,1.6476676274,1.0735224757,1.134860851,0.2654209174,0.456932902,1.1178603354,0.9042167081,2.1274238435,1.5750026942,1.1060473331,0.9387879338,1.0739467579,1.810447304,0.9412029245,1.4581906067
2016,1.30238803730882,1.0918473298,0.7337229119,0.8980852906,1.243845808,0.9488985788,1.8517180962,1.1294431039,1.1510714656,2.5727983375,2.0280356336,0.3282316858,1.1284810685,1.2965312568,1.5893503919,1.4045576122,1.501744579,1.4801383322,0.2669207559,0.4966601412,1.1444996008,0.9991164875,1.9358935883,1.5687242463,1.1112258275,1.0150811564,1.0583452335,2.047651951,0.9866344004,1.4315051665
2017,1.30770333439998,1.089195206,0.7615406522,0.8868372007,1.222208548,0.9024349666,1.8523088188,1.130582099,1.1399854113,2.5566238899,1.9698867055,0.2962713595,1.2221108285,1.2847285716,1.6332653567,1.5681029391,1.6527573681,1.7121411732,0.3292659513,0.4567026783,1.1372144778,1.1916967818,1.8882872705,1.4594714387,1.100513098,0.9906680718,1.0343567395,2.0384707519,0.9439844119,1.3608893398
2018,1.33444229659679,1.1437119401,0.7489934683,0.8924424767,1.4544507654,0.9255865931,1.8460425714,1.1471718651,1.2831048929,2.7005410821,1.9706131174,0.27988641,1.2456247587,1.3203641648,1.5423456801,1.7498331904,2.1347300222,1.9478793296,0.4101683727,0.4141766326,1.196141618,1.0022045285,2.0247282182,1.3892842457,1.2063026689,0.986759718,1.0431498605,2.4920666722,1.0920649925,1.3716823699
2019,1.36710691504558,1.2657438345,0.7531334376,0.8870049509,3.1507475017,1.1998275562,1.852885207,1.2393070382,1.2992066064,2.5964836711,1.9984501867,0.2732351401,1.2246452529,1.2479803963,1.6036332076,1.7695935371,2.0901680221,1.9841901193,0.4639771036,0.4912581857,1.2918084233,1.3278252273,1.9533831851,1.3750764343,1.6989346856,1.0625782397,1.0995578508,2.6383842027,1.1601718428,1.3613228352
2020,1.52647249887832,1.2891425068,0.8858116295,1.0059279669,1.5870529018,1.1866480233,2.0216745528,1.3555576807,1.3737688531,3.0231076573,2.2613642833,0.2630140248,1.3557377078,1.6623953398,1.6966982725,1.8955343785,2.2275952169,2.0491555802,0.4938669044,0.5270713788,1.406077189,1.7462815241,2.263053719,1.4365324289,1.8317316805,1.0783355288,1.1519583152,2.1557795402,1.2749990649,1.4357811555
2021,1.49413674328738,1.2359966467,0.8735154883,1.0425904935,1.5114311278,1.4017515477,1.9802222581,1.297748171,1.298770722,3.8024736784,2.012506621,0.2390482011,1.3668349152,1.6080586705,1.9716279073,1.7840810592,2.1557798751,1.9495529204,0.4130824316,0.4458642968,1.3653749089,1.3151275585,2.217163288,1.5157019895,1.6459393904,1.239612324,1.2002746523,1.8144583802,1.3466597862,1.3024392597
2022,1.51749236153338,1.2023769532,0.7643605176,1.1670931399,1.587129077,1.4877149247,1.9587812677,1.3360197925,1.3677962735,4.0166918293,2.1431959375,0.2125909159,1.4319863242,1.6019037546,1.8029067504,1.7078535526,2.2546193106,2.5587252679,0.5657599092,0.4198632674,1.3041999557,1.8391299501,2.2045890643,1.3579437603,1.7847448228,1.2956732487,1.3426468561,1.624804171,1.2880659394,1.5896067785
2023,1.63608549145315,1.7026776012,0.8624273943,1.1723236787,1.9483430854,1.7678489643,1.9481758892,1.5033264681,2.0122457125,2.8898075203,2.9827852333,0.2238871028,1.5349257992,1.5339528574,1.6467488615,1.5946777898,2.9332537598,2.8363187347,0.6810182502,0.3770731856,1.4414119908,2.043901539,3.2567225939,1.2081998911,1.7355347515,1.3145977973,1.517372009,1.6852715823,1.3146284004,2.0089456401
2024,1.84740426391575,1.9795698484,0.9905127015,1.2760212539,1.9345372978,1.7669572157,2.0115758078,1.8385782299,2.2686290436,2.8846484556,3.302570893,0.2188721883,1.4603080918,1.5897659386,1.8625175273,1.5846917511,3.2978665257,3.1444552624,0.663364055,0.3740579356,1.940649948,2.124920366,3.7547161135,1.4441589583,1.9772007024,1.3438531322,1.9932278351,1.8403146028,1.876385746,2.1771063512
2025,2.17947264343401,2.0325031435,1.1006335138,2.0088938712,2.0063745775,1.9664112754,2.0266296921,2.2685109251,3.2528520512,2.9888142526,3.3744178008,0.2191297918,2.1289211383,1.8887272003,2.0185583437,1.6053109616,3.6077210003,3.0797536647,0.8510505051,0.448828839,2.1945445153,2.0368010225,4.4969375748,1.7112082111,2.0319797042,1.544164825,2.4711848495,1.9082522771,1.8356469694,2.5711701624
