Country,Household_Electricity_Price_excluding_tax_DC_2026-S1,Household_Electricity_Price_including_tax_DC_2026-S1,Country_Code,Country_En
Αυστρία,0.2481,0.326,AT,Austria
Βέλγιο,0.2783,0.3575,BE,Belgium
Βουλγαρία,0.1117,0.1341,BG,Bulgaria
Κύπρος,0.195,0.2688,CY,Cyprus
Τσεχία,0.234,0.2884,CZ,Czech Republic
Γερμανία,0.2388,0.3618,DE,Germany
Εσθονία,0.1512,0.2118,EE,Estonia
Ελλάδα,0.1967,0.2401,EL,Greece
Ισπανία,0.1782,0.2509,ES,Spain
Φινλανδία,0.1919,0.2694,FI,Finland
Γαλλία,0.1726,0.2485,FR,France
Κροατία,0.1474,0.1816,HR,Croatia
Ουγγαρία,0.0897,0.1139,HU,Hungary
Λουξεμβούργο,0.1873,0.2023,LU,Luxembourg
Μάλτα,0.1193,0.1268,MT,Malta
Ολλανδία,0.2681,0.244,NL,Netherlands
Πολωνία,0.1592,0.2999,PL,Poland
Πορτογαλία,0.1576,0.2367,PT,Portugal
Ρουμανία,0.2158,0.2836,RO,Romania
Σουηδία,0.2116,0.3062,SE,Sweden
Σλοβενία,0.1625,0.2118,SI,Slovenia
Σλοβακία,0.1385,0.1985,SK,Slovakia
